type,fixed acidity,citric acid,residual sugar,free sulfur dioxide,total sulfur dioxide,density,volatile acidity,chlorides,sulphates,pH,alcohol,quality_label
red,7.4,0.0,1.9,11.0,34.0,0.9978,0.7,0.076,0.56,3.51,9.4,0
red,7.8,0.0,2.6,25.0,67.0,0.9968,0.88,0.098,0.68,3.2,9.8,0
red,7.8,0.04,2.3,15.0,54.0,0.997,0.76,0.092,0.65,3.26,9.8,0
red,11.2,0.56,1.9,17.0,60.0,0.998,0.28,0.075,0.58,3.16,9.8,1
red,7.4,0.0,1.9,11.0,34.0,0.9978,0.7,0.076,0.56,3.51,9.4,0
red,7.4,0.0,1.8,13.0,40.0,0.9978,0.66,0.075,0.56,3.51,9.4,0
red,7.9,0.06,1.6,15.0,59.0,0.9964,0.6,0.069,0.46,3.3,9.4,0
red,7.3,0.0,1.2,15.0,21.0,0.9946,0.65,0.065,0.47,3.39,10.0,1
red,7.8,0.02,2.0,9.0,18.0,0.9968,0.58,0.073,0.57,3.36,9.5,1
red,6.7,0.08,1.8,15.0,65.0,0.9959,0.58,0.097,0.54,3.28,9.2,0
red,5.6,0.0,1.6,16.0,59.0,0.9943,0.615,0.089,0.52,3.58,9.9,0
red,8.5,0.56,1.8,35.0,103.0,0.9969,0.28,0.092,0.75,3.3,10.5,1
red,8.9,0.48,1.8,29.0,60.0,0.9968,0.22,0.077,0.53,3.39,9.4,1
red,7.6,0.31,2.3,23.0,71.0,0.9982,0.39,0.082,0.65,3.52,9.7,0
red,7.9,0.21,1.6,10.0,37.0,0.9966,0.43,0.106,0.91,3.17,9.5,0
red,8.5,0.11,2.3,9.0,67.0,0.9968,0.49,0.084,0.53,3.17,9.4,0
red,6.9,0.14,2.4,21.0,40.0,0.9968,0.4,0.085,0.63,3.43,9.7,1
red,6.3,0.16,1.4,11.0,23.0,0.9955,0.39,0.08,0.56,3.34,9.3,0
red,7.6,0.24,1.8,4.0,11.0,0.9962,0.41,0.08,0.59,3.28,9.5,0
red,7.9,0.21,1.6,10.0,37.0,0.9966,0.43,0.106,0.91,3.17,9.5,0
red,7.1,0.0,1.9,14.0,35.0,0.9972,0.71,0.08,0.55,3.47,9.4,0
red,7.8,0.0,2.0,8.0,16.0,0.9964,0.645,0.082,0.59,3.38,9.8,1
red,6.7,0.07,2.4,17.0,82.0,0.9958,0.675,0.089,0.54,3.35,10.1,0
red,6.9,0.0,2.5,22.0,37.0,0.9966,0.685,0.105,0.57,3.46,10.6,1
red,8.3,0.12,2.3,15.0,113.0,0.9966,0.655,0.083,0.66,3.17,9.8,0
red,5.2,0.25,1.8,13.0,50.0,0.9957,0.32,0.103,0.55,3.38,9.2,0
red,7.8,0.14,2.4,3.0,15.0,0.9975,0.6,0.086,0.6,3.42,10.8,1
red,8.1,0.28,2.1,13.0,30.0,0.9968,0.38,0.066,0.73,3.23,9.7,1
red,8.8,0.3,2.8,17.0,46.0,0.9976,0.61,0.088,0.51,3.26,9.3,0
red,6.8,0.02,1.8,5.0,11.0,0.9962,0.67,0.05,0.52,3.48,9.5,0
red,4.6,0.15,2.1,8.0,65.0,0.9934,0.52,0.054,0.56,3.9,13.1,0
red,7.7,0.43,2.2,22.0,114.0,0.997,0.935,0.114,0.73,3.25,9.2,0
red,8.7,0.52,1.6,12.0,37.0,0.9969,0.29,0.113,0.58,3.25,9.5,0
red,6.4,0.23,1.6,5.0,12.0,0.9958,0.4,0.066,0.56,3.34,9.2,0
red,5.6,0.37,1.4,12.0,96.0,0.9954,0.31,0.074,0.58,3.32,9.2,0
red,8.8,0.26,1.7,4.0,23.0,0.9971,0.66,0.074,0.74,3.15,9.2,0
red,6.6,0.04,2.2,8.0,15.0,0.9956,0.52,0.069,0.63,3.4,9.4,1
red,6.6,0.04,2.1,6.0,14.0,0.9955,0.5,0.068,0.64,3.39,9.4,1
red,8.6,0.36,3.0,30.0,119.0,0.997,0.38,0.081,0.56,3.2,9.4,0
red,7.6,0.15,2.8,33.0,73.0,0.9955,0.51,0.11,0.63,3.17,10.2,1
red,7.7,0.04,3.8,25.0,45.0,0.9978,0.62,0.084,0.53,3.34,9.5,0
red,10.2,0.57,3.4,4.0,10.0,0.9971,0.42,0.07,0.63,3.04,9.6,0
red,7.8,0.18,2.3,17.0,54.0,0.9975,0.59,0.076,0.59,3.43,10.0,0
red,7.3,0.31,2.4,9.0,46.0,0.9962,0.39,0.074,0.54,3.41,9.4,1
red,8.8,0.4,2.2,19.0,52.0,0.998,0.4,0.079,0.64,3.44,9.2,0
red,7.7,0.49,1.8,20.0,112.0,0.9968,0.69,0.115,0.71,3.21,9.3,0
red,7.5,0.16,1.9,12.0,35.0,0.9968,0.52,0.085,0.62,3.38,9.5,1
red,7.0,0.05,2.0,13.0,54.0,0.9966,0.735,0.081,0.57,3.39,9.8,0
red,7.5,0.11,1.5,11.0,39.0,0.9968,0.52,0.079,0.58,3.42,9.6,0
red,6.6,0.07,1.6,6.0,15.0,0.9962,0.705,0.076,0.58,3.44,10.7,0
red,9.3,0.57,2.0,27.0,65.0,0.9969,0.32,0.074,0.79,3.28,10.7,0
red,8.0,0.05,1.9,8.0,19.0,0.9962,0.705,0.074,0.95,3.34,10.5,1
red,7.7,0.08,1.9,15.0,27.0,0.9967,0.63,0.076,0.54,3.32,9.5,1
red,7.7,0.23,2.1,17.0,96.0,0.9962,0.67,0.088,0.48,3.32,9.5,0
red,7.7,0.22,1.9,18.0,94.0,0.9961,0.69,0.084,0.48,3.31,9.5,0
red,8.3,0.26,2.1,11.0,43.0,0.9976,0.675,0.084,0.53,3.31,9.2,0
red,9.7,0.54,2.5,28.0,83.0,0.9984,0.32,0.094,0.82,3.28,9.6,0
red,8.8,0.64,2.2,9.0,42.0,0.9986,0.41,0.093,0.66,3.54,10.5,0
red,8.8,0.64,2.2,9.0,42.0,0.9986,0.41,0.093,0.66,3.54,10.5,0
red,6.8,0.0,2.4,14.0,30.0,0.9966,0.785,0.104,0.55,3.52,10.7,1
red,6.7,0.12,2.0,12.0,80.0,0.9958,0.75,0.086,0.52,3.38,10.1,0
red,8.3,0.2,1.5,27.0,119.0,0.9972,0.625,0.08,1.12,3.16,9.1,0
red,6.2,0.2,1.6,3.0,15.0,0.9958,0.45,0.069,0.56,3.41,9.2,0
red,7.4,0.47,2.0,21.0,73.0,0.997,0.5,0.086,0.57,3.36,9.1,0
red,6.3,0.48,1.8,18.0,61.0,0.9959,0.3,0.069,0.78,3.44,10.3,1
red,6.9,0.15,2.2,19.0,40.0,0.9961,0.55,0.076,0.59,3.41,10.1,0
red,7.7,0.26,1.9,9.0,31.0,0.9966,0.49,0.062,0.64,3.39,9.6,0
red,7.0,0.08,1.8,8.0,24.0,0.9978,0.62,0.076,0.53,3.48,9.0,0
red,7.9,0.26,1.9,42.0,140.0,0.9964,0.52,0.079,0.54,3.23,9.5,0
red,7.7,0.26,1.9,9.0,31.0,0.9966,0.49,0.062,0.64,3.39,9.6,0
red,5.0,0.04,1.4,41.0,85.0,0.9938,1.02,0.045,0.48,3.75,10.5,0
red,4.7,0.17,2.3,17.0,106.0,0.9932,0.6,0.058,0.6,3.85,12.9,1
red,6.8,0.0,3.0,8.0,23.0,0.9965,0.775,0.102,0.56,3.45,10.7,0
red,7.0,0.25,2.0,3.0,22.0,0.9963,0.5,0.07,0.63,3.25,9.2,0
red,7.6,0.06,2.5,5.0,10.0,0.9967,0.9,0.079,0.56,3.39,9.8,0
red,8.1,0.18,1.9,13.0,35.0,0.9972,0.545,0.08,0.59,3.3,9.0,1
red,8.3,0.3,2.1,11.0,50.0,0.9972,0.61,0.084,0.61,3.4,10.2,1
red,7.8,0.3,1.9,8.0,22.0,0.9959,0.5,0.075,0.56,3.31,10.4,1
red,8.1,0.18,1.9,13.0,35.0,0.9972,0.545,0.08,0.59,3.3,9.0,1
red,8.1,0.22,2.1,12.0,65.0,0.9967,0.575,0.077,0.51,3.29,9.2,0
red,7.2,0.24,2.2,5.0,36.0,0.996,0.49,0.07,0.48,3.33,9.4,0
red,8.1,0.22,2.1,12.0,65.0,0.9967,0.575,0.077,0.51,3.29,9.2,0
red,6.2,0.31,1.7,15.0,64.0,0.9969,0.63,0.088,0.79,3.46,9.3,0
red,8.0,0.53,2.5,18.0,80.0,0.9976,0.33,0.091,0.8,3.37,9.6,1
red,8.1,0.52,2.0,37.0,153.0,0.9969,0.785,0.122,0.69,3.21,9.3,0
red,7.8,0.19,1.8,12.0,47.0,0.9964,0.56,0.104,0.93,3.19,9.5,0
red,8.4,0.09,2.2,11.0,108.0,0.9964,0.62,0.084,0.66,3.15,9.8,0
red,8.4,0.1,2.2,14.0,111.0,0.9964,0.6,0.085,0.66,3.15,9.8,0
red,10.1,0.44,2.3,22.0,46.0,0.9988,0.31,0.08,0.67,3.32,9.7,1
red,7.8,0.19,1.8,12.0,47.0,0.9964,0.56,0.104,0.93,3.19,9.5,0
red,9.4,0.31,2.2,13.0,62.0,0.9966,0.4,0.09,0.63,3.07,10.5,1
red,8.3,0.28,1.9,11.0,40.0,0.9978,0.54,0.077,0.61,3.39,10.0,1
red,7.8,0.12,2.0,7.0,28.0,0.997,0.56,0.082,0.5,3.37,9.4,1
red,8.8,0.04,2.2,14.0,56.0,0.9962,0.55,0.119,0.6,3.21,10.9,1
red,7.0,0.08,1.8,22.0,89.0,0.9959,0.69,0.097,0.54,3.34,9.2,1
red,8.8,0.04,2.2,14.0,56.0,0.9962,0.55,0.119,0.6,3.21,10.9,1
red,7.3,0.0,2.5,3.0,13.0,0.998,0.695,0.075,0.52,3.49,9.2,0
red,8.0,0.0,2.6,11.0,34.0,0.9976,0.71,0.08,0.53,3.44,9.5,0
red,7.8,0.17,1.6,21.0,102.0,0.996,0.5,0.082,0.48,3.39,9.5,0
red,8.2,0.0,1.7,3.0,12.0,0.9964,1.33,0.081,0.49,3.53,10.9,0
red,8.1,0.0,1.8,3.0,12.0,0.9964,1.33,0.082,0.48,3.54,10.9,0
red,8.0,0.16,1.8,3.0,16.0,0.9962,0.59,0.065,0.92,3.42,10.5,1
red,6.1,0.15,1.8,6.0,19.0,0.9955,0.38,0.072,0.57,3.42,9.4,0
red,8.0,0.56,2.0,30.0,134.0,0.9968,0.745,0.118,0.66,3.24,9.4,0
red,5.6,0.09,2.3,17.0,99.0,0.9937,0.5,0.049,0.63,3.63,13.0,0
red,5.6,0.09,2.3,17.0,99.0,0.9937,0.5,0.049,0.63,3.63,13.0,0
red,6.6,0.01,1.5,17.0,26.0,0.9952,0.5,0.06,0.58,3.4,9.8,1
red,7.9,0.05,2.2,13.0,29.0,0.9959,1.04,0.084,0.55,3.22,9.9,1
red,8.4,0.11,1.9,16.0,63.0,0.9965,0.745,0.09,0.82,3.19,9.6,0
red,8.3,0.15,1.8,10.0,52.0,0.9968,0.715,0.089,0.77,3.23,9.5,0
red,7.2,0.36,2.0,13.0,45.0,0.9972,0.415,0.081,0.64,3.48,9.2,0
red,7.8,0.19,2.1,15.0,105.0,0.9962,0.56,0.081,0.54,3.33,9.5,0
red,7.8,0.19,2.0,17.0,108.0,0.9962,0.56,0.081,0.54,3.32,9.5,0
red,8.4,0.11,1.9,16.0,63.0,0.9965,0.745,0.09,0.82,3.19,9.6,0
red,8.3,0.15,1.8,10.0,52.0,0.9968,0.715,0.089,0.77,3.23,9.5,0
red,5.2,0.0,1.8,27.0,63.0,0.9916,0.34,0.05,0.79,3.68,14.0,1
red,6.3,0.08,1.7,3.0,20.0,0.9954,0.39,0.066,0.58,3.34,9.4,0
red,5.2,0.0,1.8,27.0,63.0,0.9916,0.34,0.05,0.79,3.68,14.0,1
red,8.1,0.55,1.8,32.0,141.0,0.9968,0.67,0.117,0.62,3.17,9.4,0
red,5.8,0.02,1.8,21.0,94.0,0.9944,0.68,0.087,0.52,3.54,10.0,0
red,6.9,0.1,2.3,12.0,30.0,0.9959,0.49,0.074,0.58,3.42,10.2,1
red,8.2,0.44,2.8,11.0,43.0,0.9975,0.4,0.089,0.61,3.53,10.5,1
red,7.3,0.47,2.1,5.0,11.0,0.9958,0.33,0.077,0.53,3.33,10.3,1
red,7.5,0.03,1.8,25.0,99.0,0.995,0.6,0.095,0.54,3.35,10.1,0
red,7.5,0.03,1.8,25.0,99.0,0.995,0.6,0.095,0.54,3.35,10.1,0
red,7.1,0.0,2.2,12.0,22.0,0.9969,0.68,0.073,0.5,3.48,9.3,0
red,6.8,0.18,1.9,18.0,86.0,0.9968,0.6,0.079,0.57,3.59,9.3,1
red,7.6,0.03,2.0,7.0,20.0,0.9959,0.95,0.09,0.56,3.2,9.6,0
red,7.6,0.02,1.3,9.0,20.0,0.9965,0.68,0.072,1.08,3.17,9.2,0
red,7.8,0.04,1.7,17.0,31.0,0.9964,0.53,0.076,0.56,3.33,10.0,1
red,7.8,0.48,1.7,14.0,96.0,0.9961,0.63,0.1,0.62,3.19,9.5,0
red,6.8,0.1,2.1,18.0,101.0,0.9956,0.64,0.085,0.52,3.34,10.2,0
red,7.3,0.03,1.6,17.0,42.0,0.9956,0.55,0.072,0.48,3.37,9.0,0
red,6.8,0.07,2.1,11.0,44.0,0.9953,0.63,0.089,0.55,3.47,10.4,1
red,7.9,0.03,1.8,4.0,8.0,0.9972,0.885,0.058,0.33,3.36,9.1,0
red,8.0,0.17,2.0,6.0,18.0,0.9972,0.42,0.073,0.61,3.29,9.2,1
red,8.0,0.17,2.0,6.0,18.0,0.9972,0.42,0.073,0.61,3.29,9.2,1
red,7.4,0.05,1.9,24.0,42.0,0.9961,0.62,0.068,0.57,3.42,11.5,1
red,7.3,0.21,2.0,7.0,35.0,0.9961,0.38,0.08,0.47,3.33,9.5,0
red,6.9,0.04,1.5,19.0,49.0,0.9958,0.5,0.085,0.78,3.35,9.5,0
red,7.3,0.21,2.0,7.0,35.0,0.9961,0.38,0.08,0.47,3.33,9.5,0
red,7.5,0.42,2.3,8.0,38.0,0.9972,0.52,0.087,0.61,3.58,10.5,1
red,7.0,0.0,2.5,7.0,20.0,0.9969,0.805,0.068,0.56,3.48,9.6,0
red,8.8,0.14,2.4,10.0,42.0,0.9969,0.61,0.067,0.59,3.19,9.5,0
red,8.8,0.14,2.4,10.0,42.0,0.9969,0.61,0.067,0.59,3.19,9.5,0
red,7.2,0.02,2.5,16.0,42.0,0.9972,0.73,0.076,0.52,3.44,9.3,0
red,6.8,0.2,1.8,11.0,65.0,0.9971,0.61,0.077,0.58,3.54,9.3,0
red,6.7,0.21,1.9,8.0,62.0,0.997,0.62,0.079,0.58,3.52,9.3,1
red,8.9,0.57,2.0,26.0,85.0,0.9971,0.31,0.111,0.53,3.26,9.7,0
red,7.4,0.48,2.0,14.0,67.0,0.9972,0.39,0.082,0.55,3.34,9.2,0
red,7.7,0.1,2.6,9.0,26.0,0.9976,0.705,0.084,0.49,3.39,9.7,0
red,7.9,0.33,2.0,15.0,143.0,0.9968,0.5,0.084,0.55,3.2,9.5,0
red,7.9,0.32,1.9,17.0,144.0,0.9968,0.49,0.082,0.55,3.2,9.5,0
red,8.2,0.35,2.9,21.0,127.0,0.9976,0.5,0.077,0.62,3.23,9.4,0
red,6.4,0.25,1.9,21.0,49.0,0.9974,0.37,0.074,0.62,3.57,9.8,1
red,6.8,0.12,3.8,16.0,126.0,0.9969,0.63,0.099,0.61,3.28,9.5,0
red,7.6,0.21,2.2,7.0,28.0,0.9964,0.55,0.071,0.55,3.28,9.7,0
red,7.6,0.21,2.2,7.0,28.0,0.9964,0.55,0.071,0.55,3.28,9.7,0
red,7.8,0.33,2.0,24.0,120.0,0.9968,0.59,0.074,0.54,3.25,9.4,0
red,7.3,0.3,2.4,15.0,55.0,0.9968,0.58,0.074,0.59,3.46,10.2,0
red,11.5,0.6,2.0,12.0,27.0,0.9981,0.3,0.067,0.97,3.11,10.1,1
red,5.4,0.08,1.2,13.0,93.0,0.9924,0.835,0.046,0.85,3.57,13.0,1
red,6.9,0.06,2.1,12.0,31.0,0.9948,1.09,0.061,0.43,3.51,11.4,0
red,9.6,0.47,1.4,9.0,24.0,0.99695,0.32,0.056,0.82,3.22,10.3,1
red,8.8,0.48,2.1,39.0,145.0,0.9975,0.37,0.097,1.03,3.04,9.3,0
red,6.8,0.11,1.5,16.0,49.0,0.99545,0.5,0.075,0.79,3.36,9.5,0
red,7.0,0.35,1.6,16.0,39.0,0.9961,0.42,0.088,0.55,3.34,9.2,0
red,7.0,0.36,1.6,14.0,37.0,0.99615,0.43,0.089,0.56,3.34,9.2,1
red,12.8,0.74,2.6,9.0,28.0,0.9994,0.3,0.095,0.77,3.2,10.8,1
red,12.8,0.74,2.6,9.0,28.0,0.9994,0.3,0.095,0.77,3.2,10.8,1
red,7.8,0.31,1.8,26.0,120.0,0.99625,0.57,0.069,0.53,3.29,9.3,0
red,7.8,0.28,2.7,18.0,95.0,0.9966,0.44,0.1,0.67,3.22,9.4,0
red,11.0,0.58,2.1,7.0,19.0,0.998,0.3,0.054,0.88,3.31,10.5,1
red,9.7,0.6,2.0,5.0,19.0,0.99585,0.53,0.039,0.86,3.3,12.4,1
red,8.0,0.24,2.8,10.0,62.0,0.99685,0.725,0.083,0.56,3.35,10.0,1
red,11.6,0.64,2.1,5.0,15.0,0.998,0.44,0.059,0.67,3.21,10.2,1
red,8.2,0.26,2.2,28.0,65.0,0.9959,0.57,0.06,0.43,3.3,10.1,0
red,7.8,0.08,2.4,10.0,41.0,0.9974,0.735,0.092,0.71,3.24,9.8,1
red,8.7,0.16,2.0,13.0,49.0,0.9962,0.625,0.101,0.57,3.14,11.0,0
red,8.1,0.22,2.2,11.0,41.0,0.9967,0.725,0.072,0.55,3.36,9.1,0
red,7.5,0.19,1.9,10.0,44.0,0.9957,0.49,0.076,0.54,3.39,9.7,0
red,7.8,0.33,2.4,24.0,144.0,0.99655,0.53,0.08,0.6,3.3,9.5,0
red,7.8,0.37,2.0,24.0,58.0,0.9964,0.34,0.082,0.59,3.34,9.4,1
red,7.4,0.26,2.0,16.0,72.0,0.9957,0.53,0.101,0.57,3.15,9.4,0
red,6.8,0.04,1.5,5.0,10.0,0.99525,0.61,0.057,0.6,3.42,9.5,0
red,8.6,0.25,2.0,8.0,28.0,0.99815,0.645,0.083,0.6,3.28,10.0,1
red,8.4,0.36,2.0,15.0,55.0,0.99745,0.635,0.089,0.57,3.31,10.4,0
red,7.7,0.25,2.6,29.0,63.0,0.99615,0.43,0.073,0.58,3.37,10.5,1
red,9.0,0.14,2.6,9.0,23.0,0.9984,0.82,0.089,0.63,3.39,9.8,0
red,7.7,0.25,2.6,29.0,63.0,0.99615,0.43,0.073,0.58,3.37,10.5,1
red,6.9,0.25,2.6,10.0,37.0,0.99685,0.52,0.081,0.5,3.46,11.0,0
red,5.2,0.04,1.6,19.0,106.0,0.9927,0.48,0.054,0.62,3.54,12.2,1
red,8.0,0.06,1.8,12.0,49.0,0.99625,0.38,0.078,0.52,3.37,9.9,1
red,8.5,0.2,2.8,18.0,58.0,0.998,0.37,0.09,0.7,3.34,9.6,1
red,6.9,0.25,2.6,10.0,37.0,0.99685,0.52,0.081,0.5,3.46,11.0,0
red,8.2,0.09,2.3,7.0,37.0,0.99685,1.0,0.065,0.55,3.32,9.0,1
red,7.2,0.0,1.9,14.0,38.0,0.99675,0.63,0.097,0.58,3.37,9.0,1
red,7.2,0.0,1.9,14.0,38.0,0.99675,0.63,0.097,0.58,3.37,9.0,1
red,7.2,0.0,1.9,15.0,39.0,0.99675,0.645,0.097,0.58,3.37,9.2,1
red,7.2,0.0,1.9,14.0,38.0,0.99675,0.63,0.097,0.58,3.37,9.0,1
red,8.2,0.09,2.3,7.0,37.0,0.99685,1.0,0.065,0.55,3.32,9.0,1
red,12.0,0.56,2.1,6.0,24.0,0.99925,0.38,0.093,0.71,3.14,10.9,1
red,7.7,0.1,1.8,28.0,109.0,0.99565,0.58,0.102,0.49,3.08,9.8,1
red,15.0,0.44,2.2,10.0,24.0,1.00005,0.21,0.075,0.84,3.07,9.2,1
red,15.0,0.44,2.2,10.0,24.0,1.00005,0.21,0.075,0.84,3.07,9.2,1
red,7.3,0.0,2.0,6.0,23.0,0.9983,0.66,0.084,0.96,3.61,9.9,1
red,7.1,0.07,1.9,16.0,51.0,0.99685,0.68,0.075,0.52,3.38,9.5,0
red,8.2,0.17,2.3,11.0,73.0,0.9963,0.6,0.072,0.45,3.2,9.3,0
red,7.7,0.06,1.7,9.0,39.0,0.99615,0.53,0.074,0.48,3.35,9.8,1
red,7.3,0.0,2.0,6.0,23.0,0.9983,0.66,0.084,0.96,3.61,9.9,1
red,10.8,0.44,1.6,16.0,37.0,0.9985,0.32,0.063,0.78,3.22,10.0,1
red,7.1,0.0,1.8,16.0,34.0,0.9972,0.6,0.074,0.7,3.47,9.9,1
red,11.1,0.48,3.1,5.0,21.0,0.9986,0.35,0.09,0.53,3.17,10.5,0
red,7.7,0.42,1.9,8.0,86.0,0.9959,0.775,0.092,0.59,3.23,9.5,0
red,7.1,0.0,1.8,16.0,34.0,0.9972,0.6,0.074,0.7,3.47,9.9,1
red,8.0,0.23,3.2,17.0,119.0,0.99675,0.57,0.073,0.57,3.26,9.3,0
red,9.4,0.37,2.2,5.0,13.0,0.998,0.34,0.075,0.62,3.22,9.2,0
red,6.6,0.0,2.1,12.0,56.0,0.9968,0.695,0.075,0.67,3.49,9.2,0
red,10.0,0.47,2.6,14.0,33.0,0.99965,0.31,0.085,0.8,3.36,10.5,1
red,7.9,0.23,1.7,18.0,45.0,0.99625,0.33,0.077,0.65,3.29,9.3,0
red,7.0,0.04,2.0,12.0,67.0,0.99565,0.975,0.087,0.6,3.35,9.4,0
red,8.0,0.03,1.7,10.0,35.0,0.99575,0.52,0.07,0.57,3.34,10.0,0
red,7.9,0.23,1.8,23.0,49.0,0.9963,0.37,0.077,0.67,3.28,9.3,0
red,12.5,0.49,2.4,5.0,27.0,0.9999,0.56,0.064,0.87,3.08,10.9,0
red,11.8,0.52,1.8,6.0,10.0,0.9968,0.26,0.071,0.72,3.2,10.2,1
red,8.1,0.0,3.3,26.0,61.0,1.00025,0.87,0.096,0.72,3.6,9.8,0
red,7.9,0.46,3.6,15.0,37.0,0.9973,0.35,0.078,0.86,3.35,12.8,2
red,6.9,0.04,3.0,7.0,27.0,0.9987,0.54,0.077,0.91,3.69,9.4,1
red,11.5,0.51,4.0,4.0,23.0,0.9996,0.18,0.104,0.97,3.28,10.1,1
red,7.9,0.06,4.0,27.0,61.0,0.9965,0.545,0.087,0.67,3.36,10.7,1
red,11.5,0.51,4.0,4.0,23.0,0.9996,0.18,0.104,0.97,3.28,10.1,1
red,10.9,0.58,4.0,17.0,65.0,0.99935,0.37,0.071,0.78,3.22,10.1,0
red,8.4,0.2,2.4,10.0,38.0,0.99735,0.715,0.076,0.64,3.31,9.4,0
red,7.9,0.06,4.0,27.0,61.0,0.9965,0.545,0.087,0.67,3.36,10.7,1
red,6.9,0.04,3.0,7.0,27.0,0.9987,0.54,0.077,0.91,3.69,9.4,1
red,11.5,0.51,4.0,4.0,23.0,0.9996,0.18,0.104,0.97,3.28,10.1,1
red,11.4,0.44,3.6,6.0,19.0,0.9986,0.26,0.071,0.82,3.12,9.3,1
red,7.6,0.12,3.0,12.0,53.0,0.9971,0.52,0.067,0.57,3.36,9.1,0
red,9.9,0.07,3.4,32.0,71.0,1.00015,0.59,0.102,0.71,3.31,9.8,0
red,9.9,0.07,3.4,32.0,71.0,1.00015,0.59,0.102,0.71,3.31,9.8,0
red,12.0,0.55,2.0,25.0,49.0,0.9997,0.45,0.073,0.76,3.1,10.3,1
red,7.5,0.12,3.0,29.0,53.0,0.9967,0.4,0.092,0.7,3.37,10.3,1
red,8.7,0.09,2.5,20.0,49.0,0.9976,0.52,0.091,0.86,3.34,10.6,1
red,11.6,0.53,3.3,33.0,98.0,1.001,0.42,0.105,0.95,3.2,9.2,0
red,8.7,0.09,2.5,20.0,49.0,0.9976,0.52,0.091,0.86,3.34,10.6,1
red,10.4,0.23,2.7,18.0,48.0,0.9994,0.55,0.091,0.64,3.22,10.3,1
red,6.9,0.25,2.4,5.0,16.0,0.9964,0.36,0.098,0.6,3.41,10.1,1
red,13.3,0.52,3.2,17.0,53.0,1.0014,0.34,0.094,0.81,3.05,9.5,1
red,10.8,0.46,2.5,5.0,27.0,1.0001,0.5,0.073,0.64,3.05,9.5,0
red,10.6,0.37,2.6,26.0,70.0,0.9981,0.83,0.086,0.52,3.16,9.9,0
red,7.1,0.06,2.0,8.0,29.0,0.99855,0.63,0.083,0.73,3.67,9.6,0
red,7.2,0.02,2.3,5.0,31.0,0.9993,0.65,0.094,0.8,3.67,9.7,0
red,6.9,0.06,2.1,8.0,33.0,0.99845,0.67,0.08,0.71,3.68,9.6,0
red,7.5,0.06,2.6,20.0,44.0,0.9965,0.53,0.086,0.59,3.38,10.7,1
red,11.1,0.48,1.5,7.0,15.0,0.9973,0.18,0.068,0.64,3.22,10.1,1
red,8.3,0.12,2.6,12.0,28.0,0.9994,0.705,0.092,0.72,3.51,10.0,0
red,8.4,0.6,2.1,12.0,90.0,0.9973,0.65,0.112,0.52,3.2,9.2,0
red,10.3,0.48,2.5,6.0,25.0,0.9998,0.53,0.063,0.59,3.12,9.3,1
red,7.6,0.32,2.2,7.0,54.0,0.9966,0.62,0.082,0.52,3.36,9.4,0
red,7.4,0.38,1.7,9.0,30.0,0.9968,0.29,0.062,0.53,3.41,9.5,1
red,10.3,0.48,2.5,6.0,25.0,0.9998,0.53,0.063,0.59,3.12,9.3,1
red,7.9,0.24,2.0,15.0,105.0,0.996,0.53,0.072,0.54,3.27,9.4,1
red,9.0,0.31,2.8,19.0,98.0,0.99815,0.46,0.093,0.63,3.32,9.5,1
red,8.6,0.3,3.0,30.0,135.0,0.9976,0.47,0.076,0.53,3.3,9.4,0
red,7.4,0.29,2.6,26.0,72.0,0.99645,0.36,0.087,0.68,3.39,11.0,0
red,7.1,0.29,2.5,20.0,53.0,0.9962,0.35,0.096,0.65,3.42,11.0,1
red,9.6,0.23,3.4,37.0,92.0,0.9996,0.56,0.102,0.65,3.3,10.1,0
red,9.6,0.12,2.9,30.0,74.0,0.99865,0.77,0.082,0.64,3.3,10.4,1
red,9.8,0.39,3.2,21.0,59.0,0.9989,0.66,0.083,0.71,3.37,11.5,1
red,9.6,0.12,2.9,30.0,74.0,0.99865,0.77,0.082,0.64,3.3,10.4,1
red,9.8,0.39,3.2,21.0,59.0,0.9989,0.66,0.083,0.71,3.37,11.5,1
red,9.3,0.26,3.4,25.0,87.0,0.99975,0.61,0.09,0.62,3.24,9.7,0
red,7.8,0.05,2.3,6.0,18.0,0.99735,0.62,0.079,0.63,3.29,9.3,0
red,10.3,0.42,2.8,35.0,73.0,0.999,0.59,0.09,0.7,3.28,9.5,1
red,11.6,0.66,3.65,6.0,14.0,0.9978,0.53,0.121,0.74,3.05,11.5,1
red,13.4,0.62,2.6,6.0,21.0,1.0002,0.27,0.082,0.67,3.16,9.7,1
red,10.7,0.39,2.0,7.0,15.0,0.9981,0.46,0.061,0.62,3.18,9.5,0
red,10.2,0.64,2.9,10.0,41.0,0.998,0.36,0.122,0.66,3.23,12.5,1
red,10.2,0.64,2.9,10.0,41.0,0.998,0.36,0.122,0.66,3.23,12.5,1
red,8.0,0.28,3.2,21.0,114.0,0.9973,0.58,0.066,0.54,3.22,9.4,1
red,8.4,0.08,2.1,16.0,44.0,0.9958,0.56,0.105,0.52,3.13,11.0,0
red,7.9,0.01,2.5,17.0,38.0,0.9963,0.65,0.078,0.74,3.34,11.7,1
red,11.9,0.53,3.4,7.0,21.0,0.9992,0.695,0.128,0.84,3.17,12.2,1
red,8.9,0.45,1.9,6.0,16.0,0.9948,0.43,0.052,0.7,3.35,12.5,1
red,7.8,0.32,2.8,29.0,58.0,0.9974,0.43,0.08,0.64,3.31,10.3,0
red,12.4,0.58,3.0,28.0,99.0,1.0008,0.49,0.103,1.0,3.16,11.5,1
red,10.6,0.48,2.7,5.0,18.0,0.9972,0.42,0.065,0.87,3.21,11.3,1
red,10.9,0.47,1.8,6.0,14.0,0.9982,0.39,0.118,0.75,3.3,9.8,1
red,10.9,0.47,1.8,6.0,14.0,0.9982,0.39,0.118,0.75,3.3,9.8,1
red,11.9,0.5,2.6,6.0,32.0,1.0006,0.57,0.082,0.78,3.12,10.7,1
red,7.0,0.0,1.9,40.0,63.0,0.9979,0.685,0.067,0.81,3.6,9.9,0
red,6.6,0.02,2.7,17.0,34.0,0.9955,0.815,0.072,0.89,3.58,12.3,1
red,13.8,0.67,3.0,6.0,15.0,0.9986,0.49,0.093,0.93,3.02,12.0,1
red,9.6,0.31,2.8,15.0,46.0,0.9979,0.56,0.089,0.92,3.11,10.0,1
red,9.1,0.0,2.6,11.0,28.0,0.9994,0.785,0.093,0.86,3.36,9.4,1
red,10.7,0.22,2.7,17.0,34.0,1.0004,0.67,0.107,0.98,3.28,9.9,1
red,9.1,0.0,2.6,11.0,26.0,0.9994,0.795,0.096,0.83,3.35,9.4,1
red,7.7,0.0,2.4,8.0,19.0,0.9974,0.665,0.09,0.73,3.27,9.3,0
red,6.7,0.01,2.4,17.0,32.0,0.9955,0.75,0.078,0.61,3.55,12.8,1
red,11.5,0.52,3.0,29.0,55.0,1.0001,0.41,0.08,0.88,3.26,11.0,0
red,10.5,0.66,2.95,12.0,29.0,0.997,0.42,0.116,0.75,3.24,11.7,1
red,11.9,0.66,3.1,10.0,23.0,1.0,0.43,0.109,0.85,3.15,10.4,1
red,12.6,0.66,2.6,10.0,41.0,1.001,0.38,0.088,0.68,3.17,9.8,1
red,8.2,0.23,2.0,14.0,81.0,0.9973,0.7,0.099,0.7,3.19,9.4,0
red,8.6,0.31,2.6,21.0,50.0,0.9982,0.45,0.086,0.91,3.37,9.9,1
red,11.9,0.66,2.5,6.0,37.0,0.9992,0.58,0.072,0.56,3.05,10.0,0
red,12.5,0.63,2.0,6.0,15.0,0.9988,0.46,0.071,0.87,2.99,10.2,0
red,10.0,0.5,3.4,7.0,21.0,0.9979,0.42,0.107,0.93,3.26,11.8,1
red,10.4,0.61,2.6,11.0,24.0,1.0,0.575,0.076,0.69,3.16,9.0,0
red,9.4,0.53,2.4,6.0,18.0,0.9962,0.27,0.074,1.13,3.2,12.0,1
red,6.9,0.02,2.3,35.0,63.0,0.9975,0.765,0.063,0.78,3.57,9.9,0
red,7.9,0.4,1.6,11.0,25.0,0.9967,0.24,0.056,0.87,3.32,8.7,1
red,9.1,0.48,1.8,26.0,46.0,0.9967,0.28,0.067,1.04,3.32,10.6,1
red,7.4,0.22,2.2,12.0,72.0,0.9959,0.55,0.106,0.63,3.05,9.2,0
red,14.0,0.63,3.8,6.0,47.0,1.0014,0.41,0.089,0.81,3.01,10.8,1
red,11.5,0.5,3.0,19.0,47.0,1.0003,0.45,0.078,1.11,3.26,11.0,1
red,9.4,0.53,2.4,6.0,18.0,0.9962,0.27,0.074,1.13,3.2,12.0,1
red,8.3,0.38,2.5,24.0,60.0,0.9979,0.42,0.094,0.7,3.31,10.8,1
red,8.3,0.42,2.0,11.0,27.0,0.9974,0.26,0.08,0.8,3.21,9.4,1
red,13.7,0.68,2.9,17.0,43.0,1.0014,0.415,0.085,0.8,3.06,10.0,1
red,8.3,0.42,2.0,11.0,27.0,0.9974,0.26,0.08,0.8,3.21,9.4,1
red,8.3,0.42,2.0,11.0,27.0,0.9974,0.26,0.08,0.8,3.21,9.4,1
red,7.7,0.28,2.1,23.0,54.0,0.998,0.51,0.087,0.74,3.42,9.2,0
red,7.4,0.07,2.4,11.0,37.0,0.9979,0.63,0.09,0.76,3.43,9.7,1
red,7.8,0.26,2.0,23.0,48.0,0.9981,0.54,0.088,0.74,3.41,9.2,1
red,8.3,0.15,1.9,17.0,42.0,0.9972,0.66,0.079,0.54,3.31,9.6,1
red,7.8,0.26,1.9,23.0,53.0,0.9981,0.46,0.088,0.74,3.43,9.2,1
red,9.6,0.31,2.5,16.0,49.0,0.9982,0.38,0.096,0.7,3.19,10.0,1
red,5.6,0.05,1.4,12.0,88.0,0.9924,0.85,0.045,0.82,3.56,12.9,2
red,13.7,0.68,2.9,17.0,43.0,1.0014,0.415,0.085,0.8,3.06,10.0,1
red,9.5,0.52,2.0,6.0,26.0,0.998,0.37,0.082,0.51,3.18,9.5,0
red,8.4,0.61,2.0,13.0,95.0,0.997,0.665,0.112,0.54,3.16,9.1,0
red,12.7,0.65,2.3,6.0,25.0,0.9997,0.6,0.063,0.57,3.03,9.9,0
red,12.0,0.76,4.2,7.0,38.0,1.0004,0.37,0.066,0.6,3.22,13.0,1
red,11.5,0.59,2.6,13.0,49.0,0.9988,0.59,0.087,0.65,3.18,11.0,1
red,11.5,0.59,2.6,13.0,49.0,0.9988,0.59,0.087,0.65,3.18,11.0,1
red,8.7,0.22,2.3,9.0,42.0,0.9963,0.765,0.064,0.55,3.1,9.4,0
red,7.7,0.3,1.7,20.0,38.0,0.9949,0.26,0.059,0.47,3.29,10.8,1
red,12.2,0.54,2.6,19.0,64.0,1.0,0.48,0.085,0.61,3.1,10.5,1
red,11.4,0.49,2.7,10.0,41.0,0.9994,0.6,0.085,0.63,3.15,10.5,1
red,7.7,0.05,2.7,15.0,27.0,0.9974,0.69,0.075,0.61,3.26,9.1,0
red,8.7,0.46,1.4,11.0,25.0,0.9966,0.31,0.059,0.76,3.36,10.1,1
red,9.8,0.47,2.5,9.0,28.0,0.9981,0.44,0.063,0.65,3.24,10.8,1
red,12.0,0.66,3.0,12.0,30.0,0.9996,0.39,0.093,0.63,3.18,10.8,1
red,9.0,0.34,2.5,26.0,86.0,0.9987,0.43,0.08,0.62,3.38,9.5,1
red,9.1,0.35,2.4,23.0,78.0,0.9987,0.45,0.08,0.62,3.38,9.5,0
red,7.1,0.16,1.9,15.0,77.0,0.9966,0.735,0.1,0.64,3.27,9.3,0
red,8.8,0.34,2.7,24.0,122.0,0.9982,0.52,0.087,0.61,3.26,9.5,0
red,10.6,0.64,2.2,6.0,20.0,0.997,0.48,0.111,0.66,3.26,11.7,1
red,7.0,0.12,1.9,34.0,124.0,0.9956,0.58,0.091,0.48,3.44,10.5,0
red,11.9,0.51,2.0,7.0,20.0,0.9996,0.38,0.121,0.76,3.24,10.4,1
red,6.8,0.0,1.8,34.0,52.0,0.9976,0.77,0.066,0.68,3.62,9.9,0
red,9.5,0.33,2.4,35.0,67.0,0.9972,0.56,0.089,0.73,3.28,11.8,1
red,6.6,0.03,2.3,32.0,48.0,0.9952,0.84,0.059,0.56,3.52,12.3,1
red,7.7,0.2,2.0,15.0,60.0,0.9955,0.96,0.047,0.44,3.36,10.9,0
red,10.5,0.47,2.1,6.0,24.0,0.9978,0.24,0.066,0.9,3.15,11.0,1
red,7.7,0.2,2.0,15.0,60.0,0.9955,0.96,0.047,0.44,3.36,10.9,0
red,6.6,0.03,2.3,32.0,48.0,0.9952,0.84,0.059,0.56,3.52,12.3,1
red,6.4,0.08,2.1,19.0,48.0,0.9949,0.67,0.045,0.49,3.49,11.4,1
red,9.5,0.22,1.9,6.0,32.0,0.9988,0.78,0.077,0.56,3.26,10.6,1
red,9.1,0.33,1.3,9.0,30.0,0.9978,0.52,0.07,0.6,3.24,9.3,0
red,12.8,0.63,2.4,13.0,35.0,0.9997,0.84,0.088,0.6,3.1,10.4,1
red,10.5,0.47,2.1,6.0,24.0,0.9978,0.24,0.066,0.9,3.15,11.0,1
red,7.8,0.35,2.2,21.0,66.0,0.9974,0.55,0.074,0.56,3.25,9.2,0
red,11.9,0.69,2.3,12.0,24.0,0.9958,0.37,0.078,0.65,3.0,12.8,1
red,12.3,0.63,2.3,6.0,18.0,1.0004,0.39,0.091,0.49,3.16,9.5,0
red,10.4,0.55,3.2,22.0,54.0,0.9996,0.41,0.076,0.89,3.15,9.9,1
red,12.3,0.63,2.3,6.0,18.0,1.0004,0.39,0.091,0.49,3.16,9.5,0
red,8.0,0.3,2.0,38.0,62.0,0.9958,0.67,0.06,0.56,3.26,10.2,1
red,11.1,0.73,3.2,6.0,22.0,0.9986,0.45,0.066,0.66,3.17,11.2,1
red,10.4,0.55,3.2,22.0,54.0,0.9996,0.41,0.076,0.89,3.15,9.9,1
red,7.0,0.18,1.5,7.0,50.0,0.9951,0.62,0.062,0.6,3.08,9.3,0
red,12.6,0.72,2.2,6.0,29.0,0.9987,0.31,0.072,0.82,2.88,9.8,2
red,11.9,0.65,2.15,7.0,27.0,0.9988,0.4,0.068,0.68,3.06,11.3,1
red,15.6,0.76,3.7,6.0,43.0,1.0032,0.685,0.1,0.68,2.95,11.2,1
red,10.0,0.49,2.7,11.0,19.0,0.9963,0.44,0.077,0.63,3.23,11.6,1
red,5.3,0.01,1.7,5.0,27.0,0.9934,0.57,0.054,0.84,3.57,12.5,1
red,9.5,0.1,2.1,6.0,31.0,0.9986,0.735,0.079,0.56,3.23,10.1,1
red,12.5,0.6,2.6,31.0,72.0,0.9996,0.38,0.081,0.73,3.1,10.5,0
red,9.3,0.29,2.1,6.0,16.0,0.9968,0.48,0.127,0.72,3.22,11.2,0
red,8.6,0.22,2.0,7.0,27.0,0.9967,0.53,0.1,0.56,3.2,10.2,1
red,11.9,0.69,2.8,17.0,35.0,0.9994,0.39,0.095,0.61,3.1,10.8,1
red,11.9,0.69,2.8,17.0,35.0,0.9994,0.39,0.095,0.61,3.1,10.8,1
red,6.8,0.03,1.7,18.0,35.0,0.9968,0.56,0.084,0.63,3.44,10.0,1
red,10.4,0.63,2.8,5.0,22.0,0.9998,0.33,0.084,0.74,3.26,11.2,1
red,7.0,0.4,1.6,21.0,67.0,0.9952,0.23,0.063,0.63,3.5,11.1,0
red,8.9,0.39,2.3,5.0,22.0,0.9986,0.59,0.095,0.58,3.37,10.3,0
red,9.2,0.21,2.7,29.0,65.0,0.9988,0.63,0.097,0.58,3.28,9.6,0
red,10.4,0.63,2.8,5.0,22.0,0.9998,0.33,0.084,0.74,3.26,11.2,1
red,11.6,0.66,2.2,10.0,47.0,1.0008,0.58,0.074,0.57,3.25,9.0,0
red,9.2,0.52,2.3,14.0,23.0,0.9976,0.43,0.083,0.61,3.35,11.3,1
red,8.3,0.22,2.6,6.0,19.0,0.9982,0.615,0.087,0.61,3.26,9.3,0
red,11.0,0.68,2.55,10.0,25.0,0.997,0.26,0.085,0.61,3.18,11.8,0
red,8.1,0.7,2.2,25.0,129.0,0.9972,0.66,0.098,0.53,3.08,9.0,0
red,11.5,0.54,2.1,5.0,15.0,0.9987,0.315,0.084,0.7,2.98,9.2,1
red,10.0,0.4,2.9,10.0,26.0,1.0006,0.29,0.098,0.91,3.48,9.7,0
red,10.3,0.42,2.0,21.0,51.0,0.9982,0.5,0.069,0.72,3.16,11.5,1
red,8.8,0.45,2.6,7.0,18.0,0.9947,0.46,0.065,0.79,3.32,14.0,1
red,11.4,0.69,2.1,6.0,21.0,1.0,0.36,0.09,0.62,3.17,9.2,1
red,8.7,0.02,1.2,36.0,48.0,0.9952,0.82,0.07,0.58,3.2,9.8,0
red,13.0,0.65,2.6,15.0,47.0,0.9996,0.32,0.093,0.61,3.05,10.6,0
red,9.6,0.42,2.4,25.0,52.0,0.997,0.54,0.081,0.71,3.2,11.4,1
red,12.5,0.55,2.6,25.0,68.0,0.9995,0.37,0.083,0.82,3.15,10.4,1
red,9.9,0.55,2.1,5.0,14.0,0.9971,0.35,0.062,0.79,3.26,10.6,0
red,10.5,0.51,1.7,10.0,24.0,0.9982,0.28,0.08,0.89,3.2,9.4,1
red,9.6,0.24,2.2,5.0,28.0,0.9988,0.68,0.087,0.6,3.14,10.2,0
red,9.3,0.41,2.0,6.0,16.0,0.998,0.27,0.091,0.7,3.28,9.7,0
red,10.4,0.49,1.8,6.0,20.0,0.9977,0.24,0.075,1.06,3.18,11.0,1
red,9.6,0.24,2.2,5.0,28.0,0.9988,0.68,0.087,0.6,3.14,10.2,0
red,9.4,0.11,2.7,6.0,31.0,0.9984,0.685,0.077,0.7,3.19,10.1,1
red,9.4,0.56,2.8,6.0,17.0,0.9964,0.3,0.08,0.92,3.15,11.7,2
red,10.6,0.68,4.1,6.0,24.0,0.997,0.44,0.114,0.66,3.06,13.4,1
red,10.2,0.39,1.9,6.0,17.0,0.9976,0.67,0.054,0.47,3.17,10.0,0
red,10.2,0.39,1.9,6.0,17.0,0.9976,0.67,0.054,0.47,3.17,10.0,0
red,10.2,0.36,1.8,5.0,14.0,0.9982,0.645,0.053,0.42,3.17,10.0,1
red,11.6,0.55,2.8,35.0,67.0,1.0002,0.32,0.081,0.92,3.32,10.8,1
red,9.3,0.4,2.6,10.0,26.0,0.9984,0.39,0.073,0.75,3.34,10.2,1
red,9.3,0.27,2.8,24.0,56.0,0.9984,0.775,0.078,0.67,3.31,10.6,1
red,9.2,0.5,2.5,12.0,25.0,0.9952,0.41,0.055,0.79,3.34,13.3,1
red,8.9,0.51,2.6,13.0,27.0,0.995,0.4,0.052,0.9,3.32,13.4,1
red,8.7,0.31,3.0,23.0,81.0,1.0002,0.69,0.086,0.74,3.48,11.6,1
red,10.7,0.53,2.6,5.0,16.0,0.9972,0.35,0.07,0.65,3.15,11.0,2
red,7.8,0.25,1.9,14.0,38.0,0.9984,0.52,0.081,0.65,3.43,9.0,1
red,7.2,0.32,2.5,43.0,113.0,0.9966,0.34,0.09,0.79,3.32,11.1,0
red,10.7,0.53,2.6,5.0,16.0,0.9972,0.35,0.07,0.65,3.15,11.0,2
red,8.7,0.31,3.0,23.0,81.0,1.0002,0.69,0.086,0.74,3.48,11.6,1
red,7.8,0.25,1.9,14.0,38.0,0.9984,0.52,0.081,0.65,3.43,9.0,1
red,10.5,0.47,1.9,6.0,24.0,0.9976,0.26,0.078,1.04,3.18,10.9,1
red,10.5,0.42,1.8,6.0,22.0,0.9976,0.24,0.077,1.05,3.21,10.8,1
red,10.2,0.63,2.9,10.0,26.0,0.9968,0.49,0.072,0.78,3.16,12.5,1
red,10.4,0.46,1.8,6.0,21.0,0.9976,0.24,0.075,1.02,3.25,10.8,1
red,11.2,0.55,2.3,6.0,13.0,1.0,0.67,0.084,0.71,3.17,9.5,1
red,10.0,0.31,2.2,26.0,62.0,0.9994,0.59,0.09,0.63,3.18,10.2,1
red,13.3,0.75,2.8,23.0,43.0,0.9986,0.29,0.084,0.68,3.04,11.4,1
red,10.0,0.31,2.2,26.0,62.0,0.9994,0.59,0.09,0.63,3.18,10.2,1
red,10.7,0.48,2.1,15.0,49.0,0.998,0.4,0.125,0.81,3.03,9.7,1
red,10.5,0.64,2.4,6.0,15.0,0.9973,0.51,0.107,0.66,3.09,11.8,1
red,10.5,0.64,2.4,6.0,15.0,0.9973,0.51,0.107,0.66,3.09,11.8,1
red,12.5,0.49,4.3,5.0,14.0,1.001,0.6,0.1,0.74,3.25,11.9,1
red,10.9,0.49,2.8,11.0,32.0,0.9972,0.21,0.088,0.68,3.22,11.7,1
red,7.3,0.49,2.5,39.0,106.0,0.9966,0.365,0.088,0.78,3.36,11.0,0
red,9.8,0.49,2.7,15.0,33.0,0.9982,0.25,0.088,0.9,3.42,10.0,1
red,7.6,0.49,2.0,16.0,43.0,0.998,0.41,0.088,0.64,3.48,9.1,0
red,8.2,0.49,2.3,47.0,133.0,0.9979,0.39,0.099,0.99,3.38,9.8,0
red,9.3,0.49,2.5,38.0,142.0,0.9978,0.4,0.085,0.55,3.22,9.4,0
red,9.2,0.49,2.4,23.0,116.0,0.9976,0.43,0.086,0.64,3.23,9.5,0
red,10.4,0.24,2.8,29.0,53.0,0.9998,0.64,0.105,0.67,3.24,9.9,0
red,7.3,0.49,2.5,39.0,106.0,0.9966,0.365,0.088,0.78,3.36,11.0,0
red,7.0,0.49,2.5,33.0,85.0,0.9962,0.38,0.097,0.77,3.39,11.4,1
red,8.2,0.49,2.6,32.0,55.0,0.9988,0.42,0.084,0.75,3.34,8.7,1
red,9.9,0.24,2.4,6.0,33.0,0.9974,0.63,0.077,0.57,3.09,9.4,0
red,9.1,0.24,2.1,1.0,28.0,0.999,0.22,0.078,0.87,3.41,10.3,1
red,11.9,0.49,2.7,12.0,42.0,1.0004,0.38,0.098,0.61,3.16,10.3,0
red,11.9,0.49,2.7,12.0,42.0,1.0004,0.38,0.098,0.61,3.16,10.3,0
red,10.3,0.24,2.1,15.0,33.0,0.9956,0.27,0.072,0.66,3.22,12.8,1
red,10.0,0.24,2.7,13.0,32.0,1.0,0.48,0.102,0.56,3.28,10.0,1
red,9.1,0.24,2.1,1.0,28.0,0.999,0.22,0.078,0.87,3.41,10.3,1
red,9.9,0.24,2.4,6.0,33.0,0.9974,0.63,0.077,0.57,3.09,9.4,0
red,8.1,0.24,2.1,5.0,13.0,0.9972,0.825,0.084,0.77,3.37,10.7,1
red,9.2,0.24,3.3,20.0,47.0,0.9988,0.59,0.101,0.67,3.26,9.6,0
red,9.3,0.24,2.1,5.0,20.0,0.9966,0.715,0.07,0.59,3.12,9.9,0
red,11.2,0.24,2.5,16.0,53.0,0.9993,0.66,0.085,0.72,3.06,11.0,1
red,14.3,0.74,1.8,6.0,15.0,1.0008,0.31,0.075,0.79,2.86,8.4,1
red,9.1,0.49,2.6,38.0,106.0,0.9982,0.47,0.094,0.59,3.08,9.1,0
red,7.5,0.24,2.0,10.0,28.0,0.9983,0.55,0.078,0.78,3.45,9.5,1
red,10.6,0.49,2.5,6.0,21.0,0.9987,0.31,0.067,0.86,3.26,10.7,1
red,12.4,0.49,2.6,27.0,69.0,0.9994,0.35,0.079,0.75,3.12,10.4,1
red,6.8,0.01,2.1,9.0,25.0,0.9958,0.51,0.074,0.56,3.33,9.5,1
red,9.4,0.24,2.8,14.0,45.0,0.998,0.43,0.092,0.73,3.19,10.0,1
red,9.5,0.24,2.7,14.0,44.0,0.998,0.46,0.092,0.74,3.12,10.0,1
red,5.0,0.24,1.6,32.0,96.0,0.9934,1.04,0.05,0.62,3.74,11.5,0
red,15.5,0.49,4.2,10.0,23.0,1.00315,0.645,0.095,0.74,2.92,11.1,0
red,15.5,0.49,4.2,10.0,23.0,1.00315,0.645,0.095,0.74,2.92,11.1,0
red,15.6,0.49,4.2,10.0,23.0,1.00315,0.645,0.095,0.74,2.92,11.1,0
red,13.0,0.49,4.3,6.0,47.0,1.0021,0.47,0.085,0.68,3.3,12.7,1
red,12.7,0.49,2.8,5.0,19.0,0.9994,0.6,0.075,0.57,3.14,11.4,0
red,9.0,0.49,2.4,26.0,121.0,0.9978,0.44,0.078,0.58,3.23,9.2,0
red,9.0,0.49,2.9,41.0,110.0,0.9982,0.54,0.094,0.61,3.08,9.2,0
red,7.6,0.49,2.7,25.0,60.0,0.9971,0.29,0.092,0.61,3.31,10.1,1
red,13.0,0.49,4.3,6.0,47.0,1.0021,0.47,0.085,0.68,3.3,12.7,1
red,12.7,0.49,2.8,5.0,19.0,0.9994,0.6,0.075,0.57,3.14,11.4,0
red,6.2,0.24,2.2,19.0,42.0,0.9946,0.36,0.095,0.57,3.57,11.7,1
red,11.5,0.49,3.3,10.0,37.0,1.0003,0.35,0.07,0.91,3.32,11.0,1
red,6.2,0.24,2.2,19.0,42.0,0.9946,0.36,0.095,0.57,3.57,11.7,1
red,10.2,0.49,2.4,10.0,28.0,0.9978,0.24,0.075,0.61,3.14,10.4,0
red,10.5,0.49,2.1,14.0,47.0,0.9991,0.59,0.07,0.56,3.3,9.6,0
red,10.6,0.49,3.2,20.0,78.0,0.9992,0.34,0.078,0.7,3.19,10.0,1
red,12.3,0.49,3.1,28.0,46.0,0.9993,0.27,0.079,0.8,3.2,10.2,1
red,9.9,0.24,2.3,6.0,14.0,0.9978,0.5,0.103,0.52,3.34,10.0,0
red,8.8,0.49,2.8,18.0,111.0,0.9982,0.44,0.083,0.6,3.3,9.5,0
red,8.8,0.49,2.9,17.0,110.0,0.9982,0.47,0.085,0.6,3.29,9.8,0
red,10.6,0.49,2.2,18.0,40.0,0.9976,0.31,0.063,0.51,3.14,9.8,1
red,12.3,0.49,2.2,5.0,14.0,1.0002,0.5,0.089,0.44,3.19,9.6,0
red,12.3,0.49,2.2,5.0,14.0,1.0002,0.5,0.089,0.44,3.19,9.6,0
red,11.7,0.49,2.2,5.0,15.0,1.0,0.49,0.083,0.43,3.19,9.2,0
red,12.0,0.49,1.9,10.0,21.0,0.9976,0.28,0.074,0.66,2.98,9.9,1
red,11.8,0.49,3.4,54.0,80.0,1.0002,0.33,0.093,0.76,3.3,10.7,1
red,7.6,0.24,2.4,8.0,38.0,0.998,0.51,0.091,0.66,3.47,9.6,1
red,11.1,0.49,2.7,16.0,47.0,0.9986,0.31,0.094,1.02,3.12,10.6,1
red,7.3,0.24,1.9,18.0,102.0,0.9967,0.73,0.108,0.59,3.26,9.3,0
red,5.0,0.24,2.0,19.0,50.0,0.9917,0.42,0.06,0.74,3.72,14.0,2
red,10.2,0.49,2.6,5.0,13.0,0.9976,0.29,0.059,0.74,3.05,10.5,1
red,9.0,0.49,2.6,21.0,75.0,0.9987,0.45,0.084,0.57,3.35,9.7,0
red,6.6,0.49,1.7,23.0,149.0,0.9922,0.39,0.07,0.5,3.12,11.5,1
red,9.0,0.49,2.6,21.0,75.0,0.9987,0.45,0.084,0.57,3.35,9.7,0
red,9.9,0.58,3.5,9.0,43.0,1.0004,0.49,0.094,0.58,3.29,9.0,0
red,7.9,0.17,2.6,20.0,38.0,0.9978,0.72,0.096,0.53,3.4,9.5,0
red,12.4,0.51,2.0,6.0,24.0,0.9994,0.4,0.059,0.6,3.04,9.3,1
red,11.9,0.58,1.9,5.0,18.0,0.998,0.58,0.071,0.63,3.09,10.0,1
red,8.5,0.18,2.1,5.0,30.0,0.9967,0.585,0.078,0.48,3.2,9.8,1
red,12.7,0.45,2.3,11.0,22.0,1.0,0.59,0.082,0.7,3.0,9.3,1
red,8.2,0.27,2.1,7.0,23.0,0.9962,0.915,0.088,0.47,3.26,10.0,0
red,13.2,0.52,2.2,12.0,35.0,1.0006,0.46,0.071,0.56,3.1,9.0,1
red,7.7,0.0,2.6,6.0,14.0,0.9975,0.835,0.081,0.52,3.3,9.3,0
red,13.2,0.52,2.2,12.0,35.0,1.0006,0.46,0.071,0.56,3.1,9.0,1
red,8.3,0.13,2.9,14.0,63.0,0.9984,0.58,0.096,0.62,3.17,9.1,1
red,8.3,0.13,2.6,6.0,24.0,0.9984,0.6,0.085,0.59,3.31,9.2,1
red,8.8,0.41,3.3,26.0,52.0,0.9982,0.48,0.092,0.53,3.31,10.5,1
red,6.3,0.19,3.2,15.0,39.0,0.9956,0.36,0.075,0.52,3.56,12.7,1
red,8.8,0.54,2.5,25.0,57.0,0.9983,0.24,0.083,0.54,3.39,9.2,0
red,13.2,0.55,2.7,5.0,16.0,1.0006,0.38,0.081,0.54,2.98,9.4,0
red,7.5,0.0,2.4,18.0,29.0,0.9965,0.64,0.077,0.6,3.32,10.0,1
red,8.2,0.38,1.5,10.0,29.0,0.9962,0.39,0.058,0.74,3.26,9.8,0
red,9.6,0.5,2.3,28.0,71.0,0.9997,0.6,0.079,0.57,3.5,9.7,0
red,9.6,0.5,2.3,28.0,71.0,0.9997,0.6,0.079,0.57,3.5,9.7,0
red,11.5,0.51,2.2,14.0,28.0,0.9982,0.31,0.079,0.93,3.03,9.8,1
red,11.4,0.5,2.7,4.0,17.0,1.0006,0.46,0.122,0.7,3.13,10.2,0
red,11.3,0.41,2.3,6.0,16.0,0.9988,0.37,0.088,0.8,3.09,9.3,0
red,8.3,0.24,3.4,16.0,112.0,0.9976,0.54,0.076,0.61,3.27,9.4,0
red,8.2,0.23,3.4,14.0,104.0,0.9976,0.56,0.078,0.62,3.28,9.4,0
red,10.0,0.22,1.9,9.0,32.0,0.9974,0.58,0.08,0.55,3.13,9.5,0
red,7.9,0.25,2.9,21.0,45.0,0.9974,0.51,0.077,0.96,3.49,12.1,1
red,8.8,0.29,2.2,5.0,15.0,0.9988,0.6,0.098,0.49,3.36,9.1,0
red,8.8,0.29,2.2,5.0,15.0,0.9988,0.6,0.098,0.49,3.36,9.1,0
red,8.7,0.26,2.5,7.0,31.0,0.9976,0.54,0.097,0.6,3.27,9.3,1
red,7.6,0.23,2.3,20.0,84.0,0.9964,0.685,0.111,0.61,3.21,9.3,0
red,8.7,0.26,2.5,7.0,31.0,0.9976,0.54,0.097,0.6,3.27,9.3,1
red,10.4,0.54,2.7,5.0,19.0,0.9988,0.28,0.105,0.63,3.25,9.5,0
red,7.6,0.14,3.0,21.0,43.0,0.9964,0.41,0.087,0.57,3.32,10.5,1
red,10.1,0.22,3.4,11.0,86.0,1.001,0.935,0.105,0.64,3.43,11.3,0
red,7.9,0.21,1.9,46.0,102.0,0.9964,0.35,0.073,0.58,3.27,9.5,0
red,8.7,0.0,1.4,24.0,33.0,0.9954,0.84,0.065,0.55,3.27,9.7,0
red,9.6,0.28,2.4,30.0,147.0,0.9979,0.88,0.086,0.53,3.24,9.4,0
red,9.5,0.27,2.3,31.0,145.0,0.9978,0.885,0.084,0.53,3.24,9.4,0
red,9.9,0.45,2.3,16.0,40.0,0.9991,0.54,0.071,0.62,3.39,9.4,0
red,9.5,0.44,2.3,21.0,68.0,0.9992,0.59,0.071,0.63,3.46,9.5,0
red,9.9,0.45,2.3,16.0,40.0,0.9991,0.54,0.071,0.62,3.39,9.4,0
red,9.5,0.44,2.3,21.0,68.0,0.9992,0.59,0.071,0.63,3.46,9.5,0
red,9.9,0.45,2.3,16.0,40.0,0.9991,0.54,0.071,0.62,3.39,9.4,0
red,7.3,0.05,3.6,6.0,20.0,0.9972,0.67,0.107,0.63,3.4,10.1,0
red,8.3,0.01,2.2,5.0,14.0,0.9967,0.845,0.07,0.58,3.32,11.0,0
red,8.7,0.3,2.8,10.0,28.0,0.9964,0.48,0.066,0.67,3.33,11.2,1
red,10.7,0.39,2.2,8.0,32.0,0.9986,0.43,0.106,0.5,2.89,9.6,0
red,9.8,0.25,2.5,35.0,155.0,1.001,0.88,0.104,0.67,3.41,11.2,0
red,9.4,0.59,2.8,9.0,30.0,0.9976,0.33,0.079,0.54,3.12,12.0,1
red,8.6,0.47,2.4,7.0,29.0,0.9979,0.47,0.074,0.46,3.08,9.5,0
red,9.7,0.17,2.9,20.0,53.0,1.0004,0.55,0.087,0.61,3.14,9.4,0
red,10.7,0.39,2.2,8.0,32.0,0.9986,0.43,0.106,0.5,2.89,9.6,0
red,12.0,0.59,1.4,23.0,42.0,0.998,0.5,0.073,0.68,2.92,10.5,1
red,7.2,0.07,1.4,5.0,20.0,0.9973,0.52,0.074,0.81,3.32,9.6,1
red,7.2,0.07,1.4,5.0,20.0,0.9973,0.52,0.074,0.81,3.32,9.6,1
red,7.5,0.31,1.6,15.0,42.0,0.9978,0.42,0.08,0.64,3.31,9.0,0
red,7.2,0.06,1.6,9.0,27.0,0.9972,0.57,0.076,0.7,3.36,9.6,1
red,10.1,0.46,1.8,5.0,13.0,0.9974,0.28,0.05,0.79,3.04,10.2,1
red,12.1,0.52,2.0,15.0,54.0,1.0,0.4,0.092,0.66,3.03,10.2,0
red,9.4,0.14,2.0,25.0,48.0,0.9981,0.59,0.084,0.56,3.14,9.7,0
red,11.3,0.45,2.0,6.0,15.0,0.9988,0.34,0.082,0.66,2.94,9.2,1
red,10.0,0.43,2.3,15.0,31.0,0.9966,0.73,0.059,0.57,3.15,11.0,0
red,11.3,0.45,2.0,6.0,15.0,0.9988,0.34,0.082,0.66,2.94,9.2,1
red,6.9,0.24,2.5,30.0,45.0,0.9959,0.4,0.083,0.58,3.26,10.0,0
red,8.2,0.21,1.7,5.0,13.0,0.9968,0.73,0.074,0.52,3.2,9.5,0
red,9.8,0.34,2.0,32.0,151.0,0.998,1.24,0.079,0.53,3.15,9.5,0
red,8.2,0.21,1.7,5.0,13.0,0.9968,0.73,0.074,0.52,3.2,9.5,0
red,10.8,0.41,2.2,7.0,17.0,0.9984,0.4,0.084,0.67,3.08,9.3,1
red,9.3,0.39,2.2,12.0,31.0,0.9984,0.41,0.064,0.65,3.26,10.2,0
red,10.8,0.41,2.2,7.0,17.0,0.9984,0.4,0.084,0.67,3.08,9.3,1
red,8.6,0.11,2.3,12.0,31.0,0.9979,0.8,0.084,0.48,3.4,9.9,0
red,8.3,0.1,2.6,45.0,87.0,0.9983,0.78,0.081,0.53,3.48,10.0,0
red,10.8,0.45,3.3,20.0,49.0,0.9972,0.26,0.06,0.54,3.13,9.6,0
red,13.3,0.58,1.9,15.0,40.0,1.0004,0.43,0.07,0.49,3.06,9.0,0
red,8.0,0.23,2.2,16.0,29.0,0.9962,0.45,0.094,0.49,3.21,10.2,1
red,8.5,0.31,2.25,32.0,58.0,0.998,0.46,0.078,0.54,3.33,9.8,0
red,8.1,0.23,2.6,5.0,15.0,0.997,0.78,0.059,0.56,3.37,11.3,0
red,9.8,0.32,2.3,35.0,152.0,0.998,0.98,0.078,0.48,3.25,9.4,0
red,8.1,0.23,2.6,5.0,15.0,0.997,0.78,0.059,0.56,3.37,11.3,0
red,7.1,0.18,1.8,13.0,40.0,0.997,0.65,0.07,0.6,3.44,9.1,0
red,9.1,0.23,3.1,13.0,38.0,0.9998,0.64,0.095,0.59,3.28,9.7,0
red,7.7,0.04,1.6,4.0,9.0,0.9962,0.66,0.039,0.47,3.4,9.4,0
red,7.4,0.0,4.25,5.0,14.0,0.9966,1.185,0.097,0.54,3.63,10.7,0
red,9.2,0.24,2.6,12.0,93.0,0.9998,0.92,0.087,0.54,3.48,9.8,0
red,9.0,0.32,2.8,21.0,122.0,0.9984,0.48,0.084,0.62,3.32,9.4,0
red,9.0,0.31,2.7,24.0,125.0,0.9984,0.47,0.084,0.61,3.31,9.4,0
red,5.1,0.02,1.3,18.0,44.0,0.9921,0.47,0.034,0.62,3.9,12.8,1
red,7.0,0.02,2.1,8.0,25.0,0.9972,0.65,0.066,0.67,3.47,9.5,1
red,7.0,0.02,2.1,8.0,25.0,0.9972,0.65,0.066,0.67,3.47,9.5,1
red,9.4,0.28,3.2,18.0,72.0,1.0001,0.615,0.087,0.53,3.31,9.7,0
red,11.8,0.55,2.1,5.0,19.0,0.9986,0.38,0.071,0.62,3.11,10.8,1
red,10.6,0.43,2.9,26.0,88.0,0.9984,1.02,0.076,0.57,3.08,10.1,1
red,7.0,0.02,2.1,8.0,25.0,0.9972,0.65,0.066,0.67,3.47,9.5,1
red,7.0,0.02,2.1,9.0,23.0,0.997,0.64,0.067,0.67,3.47,9.4,1
red,7.5,0.48,2.6,22.0,84.0,0.9972,0.38,0.073,0.7,3.32,9.6,0
red,9.1,0.04,1.6,4.0,14.0,0.998,0.765,0.078,0.54,3.29,9.7,0
red,7.0,0.08,2.0,10.0,19.0,0.9956,0.78,0.093,0.47,3.4,10.0,0
red,7.4,0.19,3.0,16.0,37.0,0.9966,0.49,0.077,0.51,3.37,10.5,0
red,7.8,0.12,2.5,11.0,35.0,0.996,0.545,0.068,0.61,3.34,11.6,1
red,9.7,0.47,1.6,13.0,33.0,0.9983,0.31,0.062,0.66,3.27,10.0,1
red,10.6,0.43,2.8,21.0,84.0,0.9985,1.025,0.08,0.57,3.06,10.1,0
red,8.9,0.34,3.0,16.0,112.0,0.9998,0.565,0.093,0.61,3.38,9.5,0
red,8.7,0.0,3.2,13.0,33.0,0.9992,0.69,0.084,0.45,3.36,9.4,0
red,8.0,0.36,2.3,10.0,48.0,0.9976,0.43,0.075,0.46,3.34,9.4,0
red,9.9,0.28,2.6,21.0,77.0,0.998,0.74,0.078,0.51,3.28,9.8,0
red,7.2,0.18,2.7,13.0,34.0,0.9967,0.49,0.069,0.48,3.29,9.2,1
red,8.0,0.36,2.3,10.0,48.0,0.9976,0.43,0.075,0.46,3.34,9.4,0
red,7.6,0.11,2.6,12.0,49.0,0.9968,0.46,0.079,0.57,3.21,10.0,0
red,8.4,0.04,2.0,10.0,22.0,0.9976,0.56,0.082,0.44,3.22,9.6,0
red,7.1,0.0,3.9,17.0,45.0,0.9976,0.66,0.086,0.54,3.46,9.5,0
red,8.4,0.04,2.0,10.0,22.0,0.9976,0.56,0.082,0.44,3.22,9.6,0
red,8.9,0.24,2.85,35.0,106.0,0.9982,0.48,0.094,0.53,3.1,9.2,0
red,7.6,0.08,2.7,15.0,48.0,0.9968,0.42,0.084,0.59,3.21,10.0,0
red,7.5,0.1,3.1,5.0,12.0,0.9958,1.115,0.086,0.6,3.54,11.2,0
red,9.0,0.17,3.0,5.0,13.0,0.9976,0.66,0.077,0.55,3.29,10.4,0
red,8.1,0.09,2.8,18.0,49.0,0.9994,0.72,0.084,0.72,3.43,11.1,1
red,6.4,0.02,1.8,4.0,11.0,0.997,0.57,0.067,0.68,3.46,9.5,0
red,6.4,0.02,1.8,4.0,11.0,0.997,0.57,0.067,0.68,3.46,9.5,0
red,6.4,0.03,3.2,27.0,58.0,0.995,0.865,0.071,0.49,3.61,12.7,1
red,8.9,0.13,3.45,4.0,14.0,0.9994,0.875,0.088,0.52,3.44,11.5,0
red,7.3,0.03,2.1,10.0,19.0,0.9966,0.835,0.092,0.47,3.39,9.6,0
red,7.0,0.34,2.7,16.0,72.0,0.998,0.45,0.082,0.6,3.55,9.5,0
red,7.7,0.2,2.0,9.0,39.0,0.9987,0.56,0.075,0.62,3.48,9.3,0
red,7.7,0.1,2.1,11.0,22.0,0.9963,0.965,0.112,0.5,3.26,9.5,0
red,7.7,0.1,2.1,11.0,22.0,0.9963,0.965,0.112,0.5,3.26,9.5,0
red,8.2,0.0,2.5,19.0,58.0,1.0002,0.59,0.093,0.65,3.5,9.3,1
red,9.0,0.23,2.8,28.0,104.0,0.9983,0.46,0.092,0.56,3.1,9.2,0
red,9.0,0.0,2.4,19.0,38.0,0.999,0.69,0.088,0.6,3.35,9.3,0
red,8.3,0.29,4.2,12.0,16.0,0.9965,0.76,0.075,0.68,3.45,11.5,1
red,9.2,0.24,2.6,28.0,139.0,0.99788,0.53,0.078,0.57,3.21,9.5,0
red,6.5,0.0,1.9,9.0,18.0,0.9972,0.615,0.065,0.65,3.46,9.2,0
red,11.6,0.58,2.8,25.0,101.0,1.00024,0.41,0.096,0.53,3.13,10.0,0
red,11.1,0.54,2.7,21.0,101.0,1.0001,0.39,0.095,0.51,3.13,9.5,0
red,7.3,0.18,2.1,12.0,28.0,0.99768,0.51,0.07,0.73,3.52,9.5,1
red,8.2,0.38,2.5,12.0,57.0,0.9978,0.34,0.08,0.47,3.3,9.0,1
red,8.6,0.4,2.6,16.0,68.0,0.99782,0.33,0.083,0.48,3.3,9.4,0
red,7.2,0.18,2.1,12.0,31.0,0.99761,0.5,0.071,0.72,3.52,9.6,1
red,7.3,0.18,2.1,12.0,28.0,0.99768,0.51,0.07,0.73,3.52,9.5,1
red,8.3,0.1,2.9,17.0,40.0,0.99803,0.65,0.089,0.55,3.29,9.5,0
red,8.3,0.1,2.9,17.0,40.0,0.99803,0.65,0.089,0.55,3.29,9.5,0
red,7.6,0.13,2.5,24.0,66.0,0.99785,0.54,0.097,0.61,3.39,9.4,0
red,8.3,0.1,2.9,17.0,40.0,0.99803,0.65,0.089,0.55,3.29,9.5,0
red,7.8,0.07,1.9,22.0,47.0,0.99525,0.91,0.058,0.43,3.51,10.7,1
red,6.3,0.01,2.0,15.0,33.0,0.99488,0.98,0.057,0.46,3.6,11.2,1
red,8.1,0.0,2.2,10.0,31.0,0.99656,0.87,0.084,0.5,3.25,9.8,0
red,8.1,0.0,2.2,10.0,31.0,0.99656,0.87,0.084,0.5,3.25,9.8,0
red,8.8,0.21,2.5,33.0,88.0,0.99823,0.42,0.092,0.52,3.19,9.2,0
red,9.0,0.25,2.8,9.0,104.0,0.99779,0.58,0.075,0.57,3.23,9.7,0
red,9.3,0.26,2.0,5.0,35.0,0.99738,0.655,0.096,0.42,3.25,9.6,0
red,8.8,0.0,1.7,8.0,19.0,0.99701,0.7,0.069,0.53,3.31,10.0,1
red,9.3,0.26,2.0,5.0,35.0,0.99738,0.655,0.096,0.42,3.25,9.6,0
red,9.1,0.11,2.8,11.0,44.0,0.99888,0.68,0.093,0.55,3.31,9.5,1
red,9.2,0.1,3.0,12.0,48.0,0.99888,0.67,0.091,0.54,3.31,9.5,1
red,8.8,0.18,2.9,12.0,74.0,0.99738,0.59,0.089,0.54,3.14,9.4,0
red,7.5,0.32,2.7,13.0,98.0,0.99938,0.6,0.103,0.62,3.45,9.5,0
red,7.1,0.02,2.3,24.0,94.0,0.99744,0.59,0.082,0.53,3.55,9.7,1
red,7.9,0.01,1.9,7.0,32.0,0.99668,0.72,0.076,0.54,3.39,9.6,0
red,7.1,0.02,2.3,24.0,94.0,0.99744,0.59,0.082,0.53,3.55,9.7,1
red,9.4,0.26,2.4,23.0,143.0,0.9978,0.685,0.082,0.55,3.28,9.4,0
red,9.5,0.27,2.3,23.0,144.0,0.99782,0.57,0.082,0.55,3.27,9.4,0
red,7.2,0.0,3.0,7.0,16.0,0.99586,1.0,0.102,0.46,3.43,10.0,0
red,8.3,0.3,3.4,7.0,34.0,0.99788,0.43,0.079,0.61,3.36,10.5,0
red,7.1,0.03,2.6,21.0,92.0,0.99745,0.52,0.076,0.6,3.5,9.8,0
red,6.5,0.14,2.4,9.0,37.0,0.99732,0.46,0.114,0.65,3.66,9.8,0
red,9.0,0.05,2.4,26.0,96.0,0.99814,0.82,0.081,0.53,3.36,10.0,0
red,6.5,0.14,2.4,9.0,37.0,0.99732,0.46,0.114,0.65,3.66,9.8,0
red,7.1,0.01,2.5,20.0,85.0,0.99746,0.59,0.077,0.59,3.55,9.8,0
red,9.9,0.41,2.3,11.0,61.0,0.9982,0.35,0.083,0.5,3.21,9.5,0
red,9.9,0.41,2.3,11.0,61.0,0.9982,0.35,0.083,0.5,3.21,9.5,0
red,10.0,0.24,2.2,19.0,58.0,0.9991,0.56,0.079,0.56,3.18,10.1,1
red,10.0,0.24,2.2,19.0,58.0,0.9991,0.56,0.079,0.56,3.18,10.1,1
red,8.6,0.17,2.9,21.0,119.0,0.998,0.63,0.099,0.52,3.09,9.3,0
red,7.4,0.43,2.6,18.0,82.0,0.99708,0.37,0.082,0.68,3.33,9.7,1
red,8.8,0.17,2.9,25.0,130.0,0.99818,0.64,0.084,0.54,3.23,9.6,0
red,7.1,0.02,2.5,17.0,87.0,0.99745,0.61,0.081,0.6,3.48,9.7,1
red,7.7,0.0,2.6,7.0,13.0,0.99639,0.6,0.055,0.56,3.38,10.8,0
red,10.1,0.54,2.3,7.0,26.0,0.99531,0.27,0.065,0.53,3.17,12.5,1
red,8.7,0.31,2.5,24.0,64.0,0.99746,0.46,0.126,0.74,3.1,9.6,0
red,9.3,0.44,1.6,21.0,42.0,0.99526,0.37,0.038,0.81,3.24,10.8,1
red,9.4,0.34,3.6,5.0,14.0,0.9987,0.5,0.082,0.52,3.29,10.7,1
red,9.4,0.34,3.6,5.0,14.0,0.9987,0.5,0.082,0.52,3.29,10.7,1
red,7.2,0.08,4.0,26.0,108.0,0.99641,0.61,0.082,0.51,3.25,9.4,0
red,8.6,0.09,3.3,8.0,17.0,0.99735,0.55,0.068,0.44,3.23,10.0,0
red,5.1,0.0,1.7,14.0,86.0,0.99264,0.585,0.044,0.94,3.56,12.9,1
red,7.7,0.08,2.5,14.0,46.0,0.9971,0.56,0.114,0.66,3.24,9.6,1
red,8.4,0.22,2.7,4.0,18.0,0.99682,0.52,0.084,0.57,3.26,9.9,1
red,8.2,0.4,2.4,4.0,10.0,0.99356,0.28,0.052,0.7,3.33,12.8,1
red,8.4,0.39,2.0,4.0,10.0,0.99386,0.25,0.041,0.71,3.27,12.5,1
red,8.2,0.4,2.4,4.0,10.0,0.99356,0.28,0.052,0.7,3.33,12.8,1
red,7.6,0.31,2.8,4.0,15.0,0.99693,0.48,0.07,0.55,3.22,10.3,1
red,7.3,0.1,2.6,4.0,14.0,0.99562,0.49,0.068,0.47,3.3,10.5,0
red,12.9,0.55,2.8,7.0,24.0,1.00012,0.5,0.072,0.68,3.09,10.9,1
red,10.8,0.33,2.5,20.0,38.0,0.99818,0.45,0.099,0.71,3.24,10.8,0
red,6.9,0.24,2.1,4.0,7.0,0.99462,0.39,0.102,0.58,3.44,11.4,0
red,12.6,0.54,2.8,19.0,41.0,0.99939,0.41,0.103,0.76,3.21,11.3,1
red,10.8,0.33,2.5,20.0,38.0,0.99818,0.45,0.099,0.71,3.24,10.8,0
red,9.8,0.19,3.2,8.0,30.0,0.9984,0.51,0.081,0.58,3.23,10.5,1
red,10.8,0.42,1.6,19.0,27.0,0.99545,0.29,0.084,0.73,3.28,11.9,1
red,7.1,0.0,2.35,21.0,47.0,0.99632,0.715,0.071,0.45,3.29,9.4,0
red,9.1,0.15,3.2,9.0,59.0,0.99976,0.66,0.097,0.54,3.28,9.6,0
red,7.0,0.0,1.9,9.0,22.0,0.99606,0.685,0.099,0.6,3.34,9.7,0
red,4.9,0.0,2.1,16.0,42.0,0.99154,0.42,0.048,0.74,3.71,14.0,1
red,6.7,0.13,2.0,15.0,36.0,0.9973,0.54,0.076,0.64,3.61,9.8,0
red,6.7,0.13,2.0,15.0,36.0,0.9973,0.54,0.076,0.64,3.61,9.8,0
red,7.1,0.28,2.8,6.0,16.0,0.99682,0.48,0.068,0.53,3.24,10.3,0
red,7.1,0.14,2.8,15.0,37.0,0.99624,0.46,0.076,0.49,3.36,10.7,0
red,7.5,0.34,2.3,4.0,8.0,0.9951,0.27,0.05,0.64,3.4,11.0,1
red,7.1,0.14,2.8,15.0,37.0,0.99624,0.46,0.076,0.49,3.36,10.7,0
red,7.8,0.09,2.3,34.0,45.0,0.99417,0.57,0.065,0.74,3.46,12.7,2
red,5.9,0.08,2.1,16.0,24.0,0.99376,0.61,0.071,0.77,3.56,11.1,1
red,7.5,0.07,2.5,5.0,9.0,0.99632,0.685,0.058,0.55,3.38,10.9,0
red,5.9,0.08,2.1,16.0,24.0,0.99376,0.61,0.071,0.77,3.56,11.1,1
red,8.8,0.26,1.6,16.0,23.0,0.99694,0.685,0.088,0.47,3.32,9.4,0
red,7.6,0.1,1.5,27.0,55.0,0.99655,0.665,0.066,0.51,3.39,9.3,0
red,10.1,0.35,1.6,9.0,28.0,0.99672,0.31,0.075,0.83,3.24,11.2,1
red,6.0,0.04,2.2,13.0,26.0,0.99647,0.5,0.092,0.47,3.46,10.0,0
red,11.1,0.47,2.65,9.0,34.0,0.99736,0.42,0.085,0.77,3.24,12.1,1
red,6.6,0.0,3.0,21.0,31.0,0.99629,0.66,0.115,0.63,3.45,10.3,0
red,10.6,0.45,2.6,34.0,68.0,0.99708,0.5,0.119,0.72,3.23,10.9,1
red,7.1,0.35,2.0,9.0,92.0,0.9963,0.685,0.088,0.62,3.28,9.4,0
red,9.9,0.46,1.7,26.0,42.0,0.9959,0.25,0.062,0.83,3.18,10.6,1
red,6.4,0.21,1.8,14.0,31.0,0.99689,0.64,0.081,0.66,3.59,9.8,0
red,6.4,0.21,1.8,14.0,31.0,0.99689,0.64,0.081,0.66,3.59,9.8,0
red,7.4,0.16,1.8,12.0,39.0,0.9977,0.68,0.078,0.7,3.5,9.9,1
red,6.4,0.21,1.8,14.0,31.0,0.99689,0.64,0.081,0.66,3.59,9.8,0
red,6.4,0.21,1.6,12.0,32.0,0.99689,0.63,0.08,0.66,3.58,9.8,0
red,9.3,0.44,1.9,9.0,22.0,0.99708,0.43,0.085,0.55,3.28,9.5,0
red,9.3,0.44,1.9,9.0,22.0,0.99708,0.43,0.085,0.55,3.28,9.5,0
red,8.0,0.32,2.5,26.0,122.0,0.99801,0.42,0.08,1.07,3.22,9.7,0
red,9.3,0.39,1.5,41.0,55.0,0.99652,0.36,0.08,0.73,3.47,10.9,1
red,9.3,0.39,1.5,41.0,55.0,0.99652,0.36,0.08,0.73,3.47,10.9,1
red,7.6,0.02,2.5,10.0,14.0,0.99538,0.735,0.071,0.71,3.51,11.7,1
red,9.3,0.39,1.5,41.0,55.0,0.99652,0.36,0.08,0.73,3.47,10.9,1
red,8.2,0.34,2.5,16.0,47.0,0.99594,0.26,0.073,0.78,3.4,11.3,1
red,11.7,0.47,1.7,17.0,32.0,0.99686,0.28,0.054,0.67,3.15,10.6,1
red,6.8,0.22,1.8,15.0,24.0,0.99438,0.56,0.074,0.82,3.4,11.2,1
red,7.2,0.06,2.7,15.0,85.0,0.99746,0.62,0.077,0.54,3.51,9.5,0
red,5.8,0.66,2.0,15.0,88.0,0.99357,1.01,0.039,0.6,3.66,11.5,1
red,7.5,0.32,2.7,7.0,25.0,0.99628,0.42,0.067,0.44,3.24,10.4,0
red,7.2,0.06,2.5,17.0,84.0,0.99746,0.62,0.078,0.53,3.51,9.7,0
red,7.2,0.06,2.7,15.0,85.0,0.99746,0.62,0.077,0.54,3.51,9.5,0
red,7.2,0.07,2.6,16.0,86.0,0.99748,0.635,0.077,0.54,3.51,9.7,0
red,6.8,0.22,2.3,13.0,24.0,0.99438,0.49,0.071,0.83,3.41,11.3,1
red,6.9,0.23,2.0,13.0,22.0,0.99438,0.51,0.072,0.84,3.4,11.2,1
red,6.8,0.22,1.8,15.0,24.0,0.99438,0.56,0.074,0.82,3.4,11.2,1
red,7.6,0.03,2.0,27.0,43.0,0.99578,0.63,0.08,0.64,3.44,10.9,1
red,7.7,0.01,2.1,31.0,43.0,0.99371,0.715,0.064,0.57,3.41,11.8,1
red,6.9,0.03,1.5,36.0,46.0,0.99522,0.56,0.086,0.57,3.53,10.6,0
red,7.3,0.24,2.0,28.0,48.0,0.99576,0.35,0.067,0.54,3.43,10.0,0
red,9.1,0.37,1.6,6.0,10.0,0.99552,0.21,0.067,0.58,3.23,11.1,1
red,10.4,0.46,2.1,6.0,10.0,0.99664,0.38,0.104,0.65,3.12,11.8,1
red,8.8,0.4,2.8,7.0,16.0,0.99614,0.31,0.109,0.79,3.31,11.8,1
red,7.1,0.0,2.2,7.0,14.0,0.99517,0.47,0.067,0.58,3.4,10.9,0
red,7.7,0.01,2.1,31.0,43.0,0.99371,0.715,0.064,0.57,3.41,11.8,1
red,8.8,0.19,4.0,30.0,69.0,0.99787,0.61,0.094,0.5,3.22,10.0,1
red,7.2,0.04,2.5,18.0,88.0,0.99745,0.6,0.076,0.55,3.53,9.5,0
red,9.2,0.18,1.6,10.0,21.0,0.99576,0.56,0.078,0.49,3.15,9.9,0
red,7.6,0.0,2.1,30.0,35.0,0.99533,0.715,0.068,0.65,3.48,11.4,1
red,7.2,0.04,2.5,18.0,88.0,0.99745,0.6,0.076,0.55,3.53,9.5,0
red,8.8,0.19,4.0,30.0,69.0,0.99787,0.61,0.094,0.5,3.22,10.0,1
red,8.9,0.14,2.5,9.0,30.0,0.99824,0.75,0.086,0.64,3.34,10.5,0
red,9.0,0.12,2.4,8.0,28.0,0.99836,0.8,0.083,0.65,3.33,10.4,1
red,10.7,0.38,2.6,29.0,56.0,0.99577,0.52,0.066,0.79,3.15,12.1,1
red,6.8,0.0,2.5,32.0,64.0,0.99491,0.57,0.072,0.56,3.43,11.2,1
red,7.2,0.24,2.0,30.0,52.0,0.99576,0.34,0.071,0.58,3.44,10.1,0
red,7.2,0.03,2.3,16.0,86.0,0.99743,0.66,0.078,0.57,3.53,9.7,0
red,10.1,0.23,1.9,10.0,18.0,0.99774,0.45,0.082,0.65,3.22,9.3,1
red,7.2,0.03,2.3,16.0,86.0,0.99743,0.66,0.078,0.57,3.53,9.7,0
red,7.2,0.03,2.2,17.0,88.0,0.99745,0.63,0.08,0.58,3.53,9.8,1
red,7.1,0.01,2.3,27.0,43.0,0.9955,0.59,0.08,0.58,3.42,10.7,1
red,8.3,0.39,2.4,17.0,43.0,0.99444,0.31,0.078,0.77,3.31,12.5,1
red,7.1,0.01,2.3,27.0,43.0,0.9955,0.59,0.08,0.58,3.42,10.7,1
red,8.3,0.39,2.4,17.0,43.0,0.99444,0.31,0.078,0.77,3.31,12.5,1
red,8.3,0.02,3.4,6.0,11.0,0.99892,1.02,0.084,0.49,3.48,11.0,0
red,8.9,0.36,2.6,10.0,39.0,0.99562,0.31,0.056,0.69,3.4,11.8,0
red,7.4,0.1,2.4,16.0,33.0,0.99736,0.635,0.08,0.69,3.58,10.8,1
red,7.4,0.1,2.4,16.0,33.0,0.99736,0.635,0.08,0.69,3.58,10.8,1
red,9.2,0.2,3.0,15.0,115.0,0.998,0.58,0.081,0.59,3.23,9.5,0
red,7.2,0.27,2.6,12.0,78.0,0.9964,0.54,0.084,0.71,3.39,11.0,0
red,6.1,0.0,2.2,6.0,9.0,0.9948,0.56,0.079,0.54,3.59,11.5,1
red,7.4,0.13,2.4,34.0,61.0,0.99528,0.52,0.078,0.59,3.43,10.8,1
red,7.3,0.39,1.2,7.0,11.0,0.99331,0.305,0.059,0.52,3.29,11.5,1
red,9.3,0.48,3.8,3.0,11.0,0.99577,0.38,0.132,0.57,3.23,13.2,1
red,10.0,0.44,2.9,4.0,8.0,0.99674,0.46,0.065,0.62,3.33,12.2,1
red,7.3,0.39,1.2,7.0,11.0,0.99331,0.305,0.059,0.52,3.29,11.5,1
red,8.6,0.4,2.2,3.0,6.0,0.99512,0.315,0.079,0.67,3.27,11.9,1
red,8.4,0.32,2.2,32.0,79.0,0.9964,0.36,0.081,0.72,3.3,11.0,1
red,8.4,0.12,1.8,38.0,46.0,0.99504,0.62,0.072,0.89,3.38,11.8,1
red,9.6,0.37,2.3,10.0,23.0,0.99786,0.41,0.091,0.56,3.24,10.5,0
red,8.4,0.32,2.2,32.0,79.0,0.9964,0.36,0.081,0.72,3.3,11.0,1
red,8.4,0.12,1.8,38.0,46.0,0.99504,0.62,0.072,0.89,3.38,11.8,1
red,8.6,0.27,2.3,14.0,28.0,0.99516,0.47,0.055,0.8,3.18,11.2,0
red,8.6,0.36,1.9,53.0,77.0,0.99604,0.22,0.064,0.87,3.47,11.0,1
red,9.4,0.33,2.3,52.0,73.0,0.99786,0.24,0.061,0.9,3.47,10.2,1
red,8.4,0.19,2.2,11.0,75.0,0.99736,0.67,0.093,0.59,3.2,9.2,0
red,8.6,0.27,2.3,14.0,28.0,0.99516,0.47,0.055,0.8,3.18,11.2,0
red,8.7,0.38,3.3,10.0,19.0,0.99468,0.33,0.063,0.73,3.3,12.0,1
red,6.6,0.01,1.9,8.0,25.0,0.99746,0.61,0.08,0.73,3.69,10.5,0
red,7.4,0.01,2.0,13.0,38.0,0.99748,0.61,0.074,0.65,3.48,9.8,0
red,7.6,0.29,1.9,29.0,66.0,0.9971,0.4,0.078,0.59,3.45,9.5,1
red,7.4,0.01,2.0,13.0,38.0,0.99748,0.61,0.074,0.65,3.48,9.8,0
red,6.6,0.01,1.9,8.0,25.0,0.99746,0.61,0.08,0.73,3.69,10.5,0
red,8.8,0.38,2.3,19.0,72.0,0.99543,0.3,0.06,0.72,3.39,11.8,1
red,8.8,0.38,2.3,19.0,72.0,0.99543,0.3,0.06,0.72,3.39,11.8,1
red,12.0,0.5,1.4,6.0,26.0,0.99791,0.63,0.071,0.6,3.07,10.4,0
red,7.2,0.38,2.8,23.0,42.0,0.99356,0.38,0.068,0.72,3.34,12.9,1
red,6.2,0.17,1.6,7.0,11.0,0.99425,0.46,0.073,0.54,3.61,11.4,0
red,9.6,0.52,2.2,13.0,25.0,0.99509,0.33,0.074,0.76,3.36,12.4,1
red,10.1,0.4,2.6,13.0,52.0,0.99834,0.43,0.092,0.64,3.22,10.0,1
red,9.8,0.34,2.3,10.0,45.0,0.99864,0.5,0.094,0.6,3.24,9.7,1
red,8.3,0.49,3.8,11.0,24.0,0.99498,0.3,0.09,0.64,3.27,12.1,1
red,10.2,0.42,2.0,7.0,20.0,0.99566,0.44,0.071,0.79,3.14,11.1,1
red,10.2,0.58,4.1,11.0,24.0,0.99745,0.44,0.092,0.99,3.29,12.0,1
red,8.3,0.48,2.1,6.0,12.0,0.99408,0.28,0.093,0.62,3.26,12.4,1
red,8.9,0.45,1.8,10.0,21.0,0.99552,0.12,0.075,0.76,3.41,11.9,1
red,8.9,0.45,1.8,10.0,21.0,0.99552,0.12,0.075,0.76,3.41,11.9,1
red,8.9,0.45,1.8,10.0,21.0,0.99552,0.12,0.075,0.76,3.41,11.9,1
red,8.3,0.48,2.1,6.0,12.0,0.99408,0.28,0.093,0.62,3.26,12.4,1
red,8.2,0.4,2.2,6.0,10.0,0.99536,0.31,0.058,0.68,3.31,11.2,1
red,10.2,0.48,2.1,5.0,9.0,0.99458,0.34,0.052,0.69,3.2,12.1,1
red,7.6,0.4,2.7,6.0,11.0,0.99538,0.43,0.082,0.54,3.44,12.2,1
red,8.5,0.52,1.9,9.0,23.0,0.99648,0.21,0.09,0.67,3.36,10.4,0
red,9.0,0.52,2.1,5.0,10.0,0.99568,0.36,0.111,0.62,3.31,11.3,1
red,9.5,0.52,2.0,12.0,51.0,0.99613,0.37,0.088,0.58,3.29,11.1,1
red,6.4,0.12,2.3,25.0,36.0,0.99519,0.57,0.12,0.71,3.47,11.3,1
red,8.0,0.05,2.0,12.0,32.0,0.99735,0.59,0.089,0.61,3.36,10.0,0
red,8.5,0.27,1.9,18.0,38.0,0.99518,0.47,0.058,0.85,3.16,11.1,1
red,7.1,0.14,1.6,7.0,18.0,0.99592,0.56,0.078,0.62,3.27,9.3,0
red,6.6,0.02,2.1,6.0,16.0,0.99654,0.57,0.115,0.69,3.38,9.5,0
red,8.8,0.39,2.0,20.0,27.0,0.99546,0.27,0.1,0.69,3.15,11.2,1
red,8.5,0.27,1.9,18.0,38.0,0.99518,0.47,0.058,0.85,3.16,11.1,1
red,8.3,0.4,2.4,24.0,48.0,0.99554,0.34,0.065,0.86,3.34,11.0,1
red,9.0,0.41,2.4,6.0,10.0,0.99604,0.38,0.103,0.58,3.13,11.9,1
red,8.5,0.2,2.1,23.0,113.0,0.99733,0.66,0.097,0.48,3.13,9.2,0
red,9.0,0.43,2.4,29.0,46.0,0.9943,0.4,0.068,0.6,3.2,12.2,1
red,6.7,0.09,2.9,7.0,22.0,0.99669,0.56,0.079,0.61,3.46,10.2,0
red,10.4,0.48,1.9,6.0,10.0,0.99724,0.26,0.066,0.87,3.33,10.9,1
red,10.4,0.48,1.9,6.0,10.0,0.99724,0.26,0.066,0.87,3.33,10.9,1
red,10.1,0.5,2.4,6.0,13.0,0.99643,0.38,0.104,0.65,3.22,11.6,1
red,8.5,0.44,1.7,6.0,12.0,0.99605,0.34,0.079,0.63,3.52,10.7,0
red,7.2,0.3,2.1,35.0,72.0,0.997,0.41,0.083,0.52,3.44,9.4,0
red,7.2,0.3,2.1,35.0,72.0,0.997,0.41,0.083,0.52,3.44,9.4,0
red,8.4,0.29,2.6,31.0,119.0,0.99801,0.59,0.109,0.5,3.15,9.1,0
red,7.0,0.32,3.6,9.0,29.0,0.99416,0.4,0.061,0.49,3.28,11.3,1
red,12.2,0.49,1.4,3.0,6.0,0.9969,0.45,0.075,0.63,3.13,10.4,0
red,9.1,0.3,1.9,8.0,17.0,0.99774,0.5,0.065,0.71,3.32,10.5,1
red,9.5,0.26,1.9,13.0,28.0,0.99712,0.86,0.079,0.62,3.25,10.0,0
red,7.3,0.32,2.1,51.0,70.0,0.99418,0.52,0.07,0.82,3.34,12.9,1
red,9.1,0.3,1.9,8.0,17.0,0.99774,0.5,0.065,0.71,3.32,10.5,1
red,12.2,0.49,1.4,3.0,6.0,0.9969,0.45,0.075,0.63,3.13,10.4,0
red,7.4,0.0,2.0,7.0,11.0,0.99562,0.58,0.064,0.58,3.45,11.3,1
red,9.8,0.39,1.4,3.0,7.0,0.9947,0.34,0.066,0.55,3.19,11.4,1
red,7.1,0.3,1.6,35.0,70.0,0.99693,0.36,0.08,0.5,3.44,9.4,0
red,7.7,0.12,1.7,19.0,27.0,0.99596,0.39,0.097,0.49,3.16,9.4,0
red,9.7,0.4,1.5,14.0,21.0,0.99556,0.295,0.073,0.51,3.14,10.9,1
red,7.7,0.12,1.7,19.0,27.0,0.99596,0.39,0.097,0.49,3.16,9.4,0
red,7.1,0.28,2.0,31.0,68.0,0.99694,0.34,0.082,0.48,3.45,9.4,0
red,6.5,0.1,2.0,30.0,47.0,0.99554,0.4,0.076,0.48,3.36,9.4,1
red,7.1,0.28,2.0,31.0,68.0,0.99694,0.34,0.082,0.48,3.45,9.4,0
red,10.0,0.45,2.5,20.0,88.0,0.99918,0.35,0.092,0.43,3.15,9.4,0
red,7.7,0.06,2.0,19.0,41.0,0.99697,0.6,0.079,0.62,3.39,10.1,1
red,5.6,0.0,2.2,3.0,11.0,0.99378,0.66,0.087,0.63,3.71,12.8,1
red,5.6,0.0,2.2,3.0,11.0,0.99378,0.66,0.087,0.63,3.71,12.8,1
red,8.9,0.34,1.4,4.0,10.0,0.99554,0.84,0.05,0.48,3.12,9.1,1
red,6.4,0.0,1.65,7.0,12.0,0.99162,0.69,0.055,0.53,3.47,12.9,1
red,7.5,0.3,2.2,6.0,12.0,0.99495,0.43,0.062,0.72,3.44,11.5,1
red,9.9,0.38,1.5,31.0,47.0,0.99676,0.35,0.058,0.82,3.26,10.6,1
red,9.1,0.33,2.05,13.0,27.0,0.99516,0.29,0.063,0.84,3.26,11.7,1
red,6.8,0.32,1.8,4.0,8.0,0.9928,0.36,0.067,0.55,3.36,12.8,1
red,8.2,0.29,1.6,27.0,45.0,0.99603,0.43,0.081,0.54,3.25,10.3,0
red,6.8,0.32,1.8,4.0,8.0,0.9928,0.36,0.067,0.55,3.36,12.8,1
red,9.1,0.33,2.05,13.0,27.0,0.99516,0.29,0.063,0.84,3.26,11.7,1
red,9.1,0.34,2.0,12.0,25.0,0.99516,0.3,0.064,0.84,3.26,11.7,1
red,8.9,0.4,3.6,12.0,24.0,0.99549,0.35,0.11,0.7,3.23,12.0,1
red,9.6,0.36,2.8,26.0,55.0,0.99722,0.5,0.116,0.68,3.18,10.9,0
red,8.9,0.45,1.7,7.0,12.0,0.99354,0.28,0.067,0.55,3.25,12.3,1
red,8.9,0.31,2.0,12.0,19.0,0.9957,0.32,0.088,0.55,3.17,10.4,1
red,7.7,0.15,2.1,11.0,32.0,0.99604,1.005,0.102,0.48,3.23,10.0,0
red,7.5,0.0,1.6,22.0,31.0,0.99635,0.71,0.092,0.58,3.38,10.0,1
red,8.0,0.16,2.0,3.0,7.0,0.99454,0.58,0.12,0.58,3.22,11.2,1
red,10.5,0.46,2.2,14.0,27.0,0.99598,0.39,0.075,0.84,3.06,11.4,1
red,8.9,0.4,2.2,12.0,28.0,0.99486,0.38,0.068,0.75,3.27,12.6,1
red,8.0,0.37,0.9,36.0,109.0,0.99007,0.18,0.049,0.44,2.89,12.7,1
red,8.0,0.37,0.9,36.0,109.0,0.99007,0.18,0.049,0.44,2.89,12.7,1
red,7.0,0.14,1.8,10.0,23.0,0.99636,0.5,0.078,0.61,3.53,10.4,0
red,11.3,0.66,2.4,3.0,8.0,0.99642,0.36,0.123,0.53,3.2,11.9,1
red,11.3,0.66,2.4,3.0,8.0,0.99642,0.36,0.123,0.53,3.2,11.9,1
red,7.0,0.09,2.1,4.0,9.0,0.99584,0.51,0.062,0.54,3.35,10.5,0
red,8.2,0.42,2.3,3.0,9.0,0.99506,0.32,0.098,0.55,3.27,12.3,1
red,7.7,0.01,1.8,12.0,18.0,0.99568,0.58,0.088,0.56,3.32,10.5,1
red,8.6,0.0,2.8,17.0,43.0,0.99822,0.83,0.095,0.6,3.33,10.4,1
red,7.9,0.32,1.9,14.0,36.0,0.99364,0.31,0.066,0.56,3.41,12.6,1
red,6.4,0.0,2.2,28.0,52.0,0.99378,0.795,0.065,0.52,3.49,11.6,0
red,7.2,0.21,2.5,41.0,68.0,0.99586,0.34,0.075,0.54,3.37,10.1,1
red,7.7,0.01,1.8,12.0,18.0,0.99568,0.58,0.088,0.56,3.32,10.5,1
red,7.1,0.0,2.1,9.0,14.0,0.99488,0.59,0.091,0.55,3.42,11.5,1
red,7.3,0.01,1.8,9.0,15.0,0.99514,0.55,0.093,0.58,3.35,11.0,1
red,8.1,0.0,4.1,5.0,14.0,0.99854,0.82,0.095,0.53,3.36,9.6,0
red,7.5,0.08,2.6,14.0,27.0,0.99592,0.57,0.089,0.59,3.3,10.4,1
red,8.9,0.18,2.5,15.0,48.0,0.99739,0.745,0.077,0.47,3.2,9.7,1
red,10.1,0.34,2.4,5.0,17.0,0.99683,0.37,0.085,0.65,3.17,10.6,1
red,7.6,0.34,2.5,26.0,35.0,0.99356,0.31,0.082,0.59,3.22,12.5,1
red,7.3,0.1,1.8,20.0,56.0,0.99672,0.91,0.074,0.56,3.35,9.2,0
red,8.9,0.21,2.2,21.0,39.0,0.99692,0.5,0.088,0.83,3.33,11.1,1
red,7.4,0.0,2.2,16.0,32.0,0.99756,0.965,0.088,0.67,3.58,10.2,0
red,6.9,0.19,1.7,13.0,26.0,0.99547,0.49,0.079,0.64,3.38,9.8,1
red,8.9,0.21,2.2,21.0,39.0,0.99692,0.5,0.088,0.83,3.33,11.1,1
red,6.4,0.33,3.3,12.0,53.0,0.99294,0.39,0.046,0.62,3.36,12.2,1
red,6.9,0.0,1.4,32.0,38.0,0.99438,0.44,0.07,0.58,3.32,11.4,1
red,7.6,0.0,1.7,33.0,45.0,0.99612,0.78,0.076,0.62,3.31,10.7,1
red,7.1,0.17,1.8,27.0,51.0,0.99634,0.43,0.082,0.64,3.49,10.4,0
red,9.3,0.36,1.7,3.0,14.0,0.99702,0.49,0.081,0.78,3.27,10.9,1
red,9.3,0.36,1.8,6.0,17.0,0.99704,0.5,0.084,0.77,3.27,10.8,1
red,7.1,0.17,1.8,27.0,51.0,0.99634,0.43,0.082,0.64,3.49,10.4,0
red,5.6,0.05,2.4,19.0,25.0,0.99258,0.605,0.073,0.55,3.56,12.9,0
red,8.3,0.42,2.3,9.0,20.0,0.99426,0.33,0.07,0.77,3.38,12.7,1
red,8.2,0.27,2.0,5.0,77.0,0.99747,0.64,0.095,0.62,3.13,9.1,1
red,8.2,0.27,2.0,5.0,77.0,0.99747,0.64,0.095,0.62,3.13,9.1,1
red,8.9,0.53,4.0,3.0,10.0,0.99586,0.48,0.101,0.59,3.21,12.1,1
red,7.6,0.25,3.9,28.0,90.0,0.99784,0.42,0.104,0.57,3.15,9.1,0
red,9.9,0.57,2.4,30.0,52.0,0.9971,0.53,0.093,0.76,3.19,11.6,1
red,8.9,0.53,4.0,3.0,10.0,0.99586,0.48,0.101,0.59,3.21,12.1,1
red,11.6,0.57,1.8,3.0,8.0,0.9981,0.23,0.074,0.7,3.14,9.9,1
red,9.1,0.5,1.8,7.0,16.0,0.99462,0.4,0.071,0.69,3.21,12.5,2
red,8.0,0.44,1.9,6.0,15.0,0.9956,0.38,0.098,0.64,3.3,11.4,1
red,10.2,0.65,2.4,6.0,17.0,0.99565,0.29,0.075,0.63,3.22,11.8,1
red,8.2,0.09,2.0,5.0,10.0,0.99418,0.74,0.067,0.57,3.28,11.8,1
red,7.7,0.18,2.4,6.0,20.0,0.9963,0.61,0.083,0.6,3.29,10.2,1
red,6.6,0.08,2.4,13.0,26.0,0.99358,0.52,0.07,0.72,3.4,12.5,1
red,11.1,0.53,2.2,3.0,10.0,0.99572,0.31,0.06,0.83,3.02,10.9,1
red,11.1,0.53,2.2,3.0,10.0,0.99572,0.31,0.06,0.83,3.02,10.9,1
red,8.0,0.35,2.8,28.0,52.0,0.997,0.62,0.086,0.62,3.31,10.8,0
red,9.3,0.45,1.5,19.0,37.0,0.99498,0.33,0.057,0.89,3.18,11.1,1
red,7.2,0.26,1.8,33.0,75.0,0.9968,0.35,0.083,0.58,3.4,9.5,1
red,8.0,0.33,2.7,16.0,37.0,0.9972,0.62,0.088,0.58,3.31,10.7,1
red,9.1,0.34,2.0,45.0,67.0,0.99769,0.25,0.071,0.86,3.44,10.2,1
red,9.9,0.56,2.0,3.0,8.0,0.99534,0.32,0.073,0.73,3.15,11.4,1
red,10.3,0.56,1.4,3.0,8.0,0.99471,0.27,0.047,0.51,3.16,11.8,1
red,7.2,0.3,1.8,31.0,70.0,0.99685,0.38,0.073,0.59,3.42,9.5,1
red,8.7,0.45,2.4,32.0,59.0,0.99617,0.42,0.072,0.77,3.33,12.0,1
red,7.2,0.3,1.8,31.0,70.0,0.99685,0.38,0.073,0.59,3.42,9.5,1
red,6.8,0.08,1.8,40.0,64.0,0.99529,0.48,0.074,0.49,3.12,9.6,0
red,7.9,0.42,1.6,18.0,30.0,0.994,0.19,0.057,0.69,3.29,11.2,1
red,11.6,0.54,1.5,22.0,41.0,0.99735,0.41,0.095,0.76,3.02,9.9,1
red,11.6,0.54,1.5,22.0,41.0,0.99735,0.41,0.095,0.76,3.02,9.9,1
red,10.0,0.54,1.9,42.0,74.0,0.99451,0.26,0.083,0.63,2.98,11.8,2
red,7.9,0.42,2.0,8.0,19.0,0.99546,0.34,0.086,0.6,3.35,11.4,1
red,7.0,0.09,2.0,10.0,16.0,0.99479,0.54,0.081,0.59,3.43,11.5,1
red,9.2,0.36,2.2,11.0,31.0,0.99615,0.31,0.079,0.86,3.33,12.0,1
red,9.4,0.47,2.5,6.0,20.0,0.99772,0.4,0.087,0.5,3.15,10.5,0
red,8.6,0.38,1.5,5.0,18.0,0.99666,0.52,0.096,0.52,3.2,9.4,0
red,8.6,0.38,1.5,5.0,18.0,0.99666,0.52,0.096,0.52,3.2,9.4,0
red,8.4,0.42,2.1,23.0,36.0,0.99392,0.34,0.072,0.78,3.11,12.4,1
red,7.4,0.27,2.1,14.0,25.0,0.99388,0.49,0.071,0.63,3.35,12.0,1
red,6.1,0.09,1.7,18.0,30.0,0.99402,0.48,0.078,0.54,3.45,11.2,1
red,7.4,0.27,2.1,14.0,25.0,0.99388,0.49,0.071,0.63,3.35,12.0,1
red,8.0,0.34,2.2,16.0,25.0,0.9936,0.48,0.073,0.66,3.28,12.4,1
red,6.3,0.28,2.1,13.0,49.0,0.99374,0.57,0.048,0.6,3.41,12.8,0
red,8.2,0.42,1.9,9.0,17.0,0.99376,0.23,0.069,0.54,3.21,12.3,1
red,9.1,0.41,2.0,10.0,24.0,0.99523,0.3,0.068,0.85,3.27,11.7,1
red,8.1,0.1,3.3,4.0,13.0,0.99855,0.78,0.09,0.49,3.36,9.5,0
red,8.3,0.0,1.4,6.0,14.0,0.99593,0.53,0.07,0.64,3.25,10.0,1
red,5.4,0.27,2.0,23.0,55.0,0.99471,0.42,0.092,0.64,3.78,12.3,1
red,7.9,0.41,1.5,6.0,35.0,0.99396,0.33,0.056,0.71,3.29,11.0,1
red,8.9,0.39,1.6,3.0,10.0,0.99698,0.24,0.074,0.59,3.12,9.5,1
red,5.0,0.5,4.3,29.0,80.0,0.9902,0.4,0.046,0.66,3.49,13.6,1
red,7.0,0.07,2.5,15.0,21.0,0.99572,0.69,0.091,0.6,3.38,11.3,1
red,7.0,0.07,2.5,15.0,21.0,0.99572,0.69,0.091,0.6,3.38,11.3,1
red,7.0,0.07,2.5,15.0,21.0,0.99572,0.69,0.091,0.6,3.38,11.3,1
red,7.1,0.12,2.1,14.0,24.0,0.99252,0.39,0.065,0.53,3.3,13.3,1
red,5.6,0.0,2.5,7.0,15.0,0.99256,0.66,0.066,0.58,3.52,12.9,0
red,7.9,0.34,2.5,8.0,17.0,0.99235,0.54,0.076,0.72,3.2,13.1,2
red,6.6,0.0,1.8,21.0,28.0,0.99352,0.5,0.062,0.55,3.44,12.3,1
red,6.3,0.0,1.4,27.0,33.0,0.9922,0.47,0.055,0.48,3.45,12.3,1
red,10.7,0.37,1.9,17.0,29.0,0.99674,0.4,0.081,0.65,3.12,11.2,1
red,6.5,0.0,2.2,3.0,13.0,0.99557,0.58,0.096,0.62,3.62,11.5,0
red,8.8,0.35,1.7,13.0,27.0,0.99394,0.24,0.055,0.59,3.14,11.3,1
red,5.8,0.26,1.7,3.0,11.0,0.9915,0.29,0.063,0.54,3.39,13.5,1
red,6.3,0.0,2.9,26.0,52.0,0.99379,0.76,0.072,0.6,3.51,11.5,1
red,10.0,0.33,2.7,28.0,89.0,0.9984,0.43,0.095,0.68,3.22,10.0,0
red,10.5,0.35,3.3,24.0,70.0,0.99798,0.43,0.092,0.69,3.21,10.5,1
red,9.1,0.0,1.9,5.0,10.0,0.9977,0.6,0.058,0.63,3.18,10.4,1
red,7.4,0.34,1.8,18.0,38.0,0.9933,0.36,0.075,0.88,3.38,13.6,1
red,8.5,0.35,1.7,6.0,15.0,0.99524,0.28,0.061,0.74,3.3,11.8,1
red,8.0,0.43,1.7,22.0,50.0,0.9946,0.25,0.067,0.6,3.38,11.9,1
red,10.4,0.45,2.0,6.0,13.0,0.99774,0.52,0.08,0.76,3.22,11.4,1
red,10.4,0.45,2.0,6.0,13.0,0.99774,0.52,0.08,0.76,3.22,11.4,1
red,7.5,0.15,3.7,29.0,94.0,0.99786,0.41,0.104,0.58,3.14,9.1,0
red,8.2,0.24,2.0,16.0,86.0,0.99764,0.51,0.079,0.64,3.34,9.5,1
red,7.3,0.3,1.7,33.0,79.0,0.9969,0.4,0.08,0.65,3.41,9.5,1
red,8.2,0.32,2.5,24.0,71.0,0.99624,0.38,0.08,0.85,3.27,11.0,1
red,6.9,0.11,2.4,6.0,12.0,0.99354,0.45,0.043,0.65,3.3,11.4,1
red,7.0,0.3,1.8,16.0,20.0,0.99672,0.22,0.065,0.82,3.61,10.0,1
red,7.3,0.23,2.3,35.0,70.0,0.99588,0.32,0.066,0.62,3.43,10.1,0
red,8.2,0.43,2.5,31.0,51.0,0.99672,0.2,0.076,0.81,3.53,10.4,1
red,7.8,0.42,2.0,9.0,21.0,0.99526,0.39,0.086,0.66,3.39,11.6,1
red,10.0,0.47,2.0,6.0,11.0,0.99585,0.35,0.061,0.52,3.23,12.0,1
red,8.2,0.32,2.8,4.0,12.0,0.99473,0.33,0.067,0.76,3.3,12.8,1
red,6.1,0.23,2.5,16.0,70.0,0.99352,0.58,0.044,0.65,3.46,12.5,1
red,8.3,0.25,2.2,9.0,38.0,0.99616,0.6,0.118,0.53,3.15,9.8,0
red,9.6,0.35,2.1,17.0,38.0,0.99622,0.42,0.083,0.66,3.23,11.1,1
red,6.6,0.0,2.2,50.0,63.0,0.99544,0.58,0.1,0.68,3.59,11.4,1
red,8.3,0.25,2.2,9.0,38.0,0.99616,0.6,0.118,0.53,3.15,9.8,0
red,8.5,0.51,1.75,45.0,88.0,0.99524,0.18,0.071,0.76,3.33,11.8,1
red,5.1,0.18,2.1,16.0,101.0,0.9924,0.51,0.042,0.87,3.46,12.9,1
red,6.7,0.43,2.8,22.0,54.0,0.99572,0.41,0.076,1.16,3.42,10.6,1
red,10.2,0.43,2.2,11.0,37.0,0.99728,0.41,0.11,0.67,3.16,10.8,0
red,10.6,0.57,2.3,6.0,20.0,0.99676,0.36,0.087,0.72,3.14,11.1,1
red,8.8,0.43,1.4,12.0,21.0,0.99551,0.45,0.076,0.75,3.21,10.2,1
red,8.5,0.42,2.3,12.0,19.0,0.99434,0.32,0.075,0.71,3.14,11.8,1
red,9.0,0.24,1.7,10.0,21.0,0.99692,0.785,0.078,0.67,3.29,10.0,0
red,9.0,0.24,1.7,10.0,21.0,0.99692,0.785,0.078,0.67,3.29,10.0,0
red,9.9,0.26,2.0,7.0,60.0,0.99709,0.54,0.111,0.98,2.94,10.2,0
red,8.2,0.39,2.5,29.0,48.0,0.99528,0.33,0.074,0.88,3.32,12.4,1
red,6.5,0.27,2.8,8.0,44.0,0.99384,0.34,0.067,0.56,3.21,12.0,1
red,7.6,0.29,2.3,5.0,14.0,0.99502,0.5,0.086,0.62,3.32,11.5,1
red,9.2,0.34,1.6,5.0,12.0,0.99667,0.36,0.062,0.67,3.2,10.5,1
red,7.1,0.0,2.2,26.0,44.0,0.99522,0.59,0.078,0.68,3.42,10.8,1
red,9.7,0.46,2.1,5.0,16.0,0.99649,0.42,0.074,0.74,3.27,12.3,1
red,7.6,0.31,1.7,26.0,65.0,0.99716,0.36,0.079,0.62,3.46,9.5,1
red,7.6,0.31,1.7,26.0,65.0,0.99716,0.36,0.079,0.62,3.46,9.5,1
red,6.5,0.0,2.2,48.0,59.0,0.99541,0.61,0.095,0.7,3.61,11.5,1
red,7.1,0.0,2.4,6.0,11.0,0.99318,0.66,0.052,0.66,3.35,12.7,1
red,5.6,0.0,2.1,17.0,78.0,0.99346,0.915,0.041,0.73,3.68,11.4,0
red,8.2,0.33,2.4,11.0,47.0,0.99599,0.35,0.076,0.81,3.27,11.0,1
red,8.2,0.33,2.4,11.0,47.0,0.99599,0.35,0.076,0.81,3.27,11.0,1
red,9.8,0.43,1.65,5.0,11.0,0.99478,0.39,0.068,0.46,3.19,11.4,0
red,10.2,0.4,2.5,41.0,54.0,0.99754,0.4,0.068,0.86,3.38,10.5,1
red,6.8,0.07,1.6,16.0,61.0,0.99572,0.66,0.07,0.6,3.29,9.3,0
red,6.7,0.23,2.1,11.0,119.0,0.99538,0.64,0.08,0.7,3.36,10.9,0
red,7.0,0.3,2.0,6.0,39.0,0.99346,0.43,0.085,0.46,3.33,11.9,1
red,7.0,0.3,2.0,6.0,39.0,0.99346,0.43,0.085,0.46,3.33,11.9,1
red,6.7,0.23,2.1,11.0,119.0,0.99538,0.64,0.08,0.7,3.36,10.9,0
red,8.8,0.05,1.8,5.0,19.0,0.99616,0.955,0.075,0.44,3.3,9.6,0
red,7.2,0.37,2.5,11.0,41.0,0.99439,0.25,0.063,0.8,3.52,12.4,1
red,7.0,0.12,1.8,15.0,64.0,0.99588,0.745,0.114,0.59,3.22,9.5,1
red,6.2,0.22,1.8,21.0,56.0,0.99633,0.43,0.078,0.6,3.52,9.5,1
red,7.9,0.23,2.3,23.0,94.0,0.99686,0.58,0.076,0.58,3.21,9.5,1
red,7.7,0.21,1.5,4.0,9.0,0.99458,0.57,0.069,0.54,3.16,9.8,1
red,7.7,0.26,2.0,19.0,77.0,0.9951,0.26,0.052,0.79,3.15,10.9,1
red,7.9,0.23,2.3,23.0,94.0,0.99686,0.58,0.076,0.58,3.21,9.5,1
red,7.7,0.21,1.5,4.0,9.0,0.99458,0.57,0.069,0.54,3.16,9.8,1
red,7.9,0.36,1.9,5.0,10.0,0.99419,0.34,0.065,0.54,3.27,11.2,1
red,8.6,0.39,1.8,6.0,12.0,0.99516,0.42,0.068,0.69,3.35,11.7,2
red,7.2,0.46,2.1,24.0,44.0,0.99534,0.36,0.074,0.85,3.4,11.0,1
red,7.2,0.46,2.1,24.0,44.0,0.99534,0.36,0.074,0.85,3.4,11.0,1
red,7.2,0.46,2.1,24.0,44.0,0.99534,0.36,0.074,0.85,3.4,11.0,1
red,9.9,0.55,1.7,24.0,52.0,0.99752,0.72,0.136,0.94,3.35,10.0,0
red,7.2,0.46,2.1,24.0,44.0,0.99534,0.36,0.074,0.85,3.4,11.0,1
red,6.2,0.43,2.0,14.0,24.0,0.99428,0.39,0.071,0.87,3.45,11.2,1
red,6.8,0.02,2.1,8.0,15.0,0.99498,0.65,0.078,0.62,3.35,10.4,1
red,6.6,0.15,2.1,22.0,53.0,0.9957,0.44,0.076,0.62,3.32,9.3,0
red,6.8,0.02,2.1,8.0,15.0,0.99498,0.65,0.078,0.62,3.35,10.4,1
red,9.6,0.42,1.9,5.0,13.0,0.99659,0.38,0.071,0.75,3.15,10.5,1
red,10.2,0.46,1.9,6.0,9.0,0.99628,0.33,0.081,0.48,3.1,10.4,1
red,8.8,0.46,2.1,20.0,29.0,0.99488,0.27,0.095,0.56,3.26,11.3,1
red,7.9,0.31,2.0,10.0,79.0,0.99677,0.57,0.079,0.69,3.29,9.5,1
red,8.2,0.37,1.9,43.0,74.0,0.99408,0.34,0.057,0.81,3.23,12.0,1
red,8.2,0.31,1.9,8.0,24.0,0.996,0.4,0.082,0.69,3.24,10.6,1
red,9.0,0.4,1.3,25.0,50.0,0.99478,0.39,0.044,0.83,3.2,10.9,1
red,10.9,0.52,1.8,17.0,44.0,0.99734,0.32,0.132,0.77,3.28,11.5,1
red,10.9,0.52,1.8,17.0,44.0,0.99734,0.32,0.132,0.77,3.28,11.5,1
red,8.1,0.22,2.2,33.0,89.0,0.99678,0.53,0.078,0.46,3.26,9.6,1
red,10.5,0.47,2.2,9.0,23.0,0.99638,0.36,0.074,0.76,3.23,12.0,1
red,12.6,0.49,2.5,8.0,20.0,0.9992,0.39,0.08,0.82,3.07,10.3,1
red,9.2,0.23,2.6,18.0,77.0,0.99922,0.46,0.091,0.51,3.15,9.4,0
red,7.5,0.03,4.1,27.0,46.0,0.99592,0.58,0.08,0.47,3.02,9.2,0
red,9.0,0.25,2.0,8.0,21.0,0.99769,0.58,0.104,0.72,3.27,9.6,0
red,5.1,0.0,1.8,18.0,88.0,0.99157,0.42,0.044,0.73,3.68,13.6,1
red,7.6,0.29,2.1,19.0,66.0,0.99718,0.43,0.075,0.64,3.4,9.5,0
red,7.7,0.34,2.7,15.0,58.0,0.9947,0.18,0.066,0.78,3.37,11.8,1
red,7.8,0.01,2.6,48.0,90.0,0.99621,0.815,0.074,0.62,3.38,10.8,0
red,7.6,0.29,2.1,19.0,66.0,0.99718,0.43,0.075,0.64,3.4,9.5,0
red,10.2,0.37,2.2,14.0,36.0,0.99614,0.23,0.057,0.49,3.23,9.3,0
red,7.1,0.01,2.2,11.0,18.0,0.99242,0.75,0.059,0.4,3.39,12.8,1
red,7.8,0.0,1.7,7.0,17.0,0.99659,0.55,0.07,0.64,3.26,9.4,1
red,7.1,0.01,2.2,11.0,18.0,0.99242,0.75,0.059,0.4,3.39,12.8,1
red,8.1,0.0,2.5,12.0,24.0,0.99798,0.73,0.081,0.46,3.38,9.6,0
red,6.5,0.0,4.3,11.0,20.0,0.99488,0.67,0.057,0.56,3.45,11.8,0
red,7.5,0.2,1.7,36.0,60.0,0.99494,0.61,0.076,0.4,3.1,9.3,0
red,9.8,0.39,2.5,28.0,65.0,0.99729,0.37,0.079,0.59,3.16,9.8,0
red,9.0,0.41,2.0,15.0,40.0,0.99414,0.4,0.058,0.6,3.22,12.2,1
red,8.3,0.22,2.4,10.0,86.0,0.9983,0.56,0.082,0.62,3.37,9.5,0
red,7.4,0.19,1.8,15.0,34.0,0.99655,0.55,0.082,0.68,3.49,10.5,0
red,7.4,0.07,1.7,15.0,48.0,0.99502,0.74,0.086,0.48,3.12,10.0,0
red,7.4,0.19,1.8,15.0,34.0,0.99655,0.55,0.082,0.68,3.49,10.5,0
red,6.9,0.33,2.2,22.0,36.0,0.9949,0.41,0.081,0.75,3.41,11.1,1
red,7.1,0.01,2.3,24.0,37.0,0.99514,0.6,0.079,0.61,3.4,10.9,1
red,7.1,0.01,2.3,24.0,37.0,0.99514,0.6,0.079,0.61,3.4,10.9,1
red,7.5,0.14,2.2,27.0,60.0,0.9963,0.58,0.077,0.59,3.28,9.8,0
red,7.1,0.0,1.8,6.0,14.0,0.99627,0.72,0.123,0.58,3.45,9.8,0
red,7.9,0.0,1.4,6.0,13.0,0.99569,0.66,0.096,0.58,3.43,9.5,0
red,7.8,0.06,1.9,20.0,35.0,0.99628,0.7,0.079,0.69,3.4,10.9,0
red,6.1,0.02,2.4,26.0,46.0,0.99358,0.64,0.069,0.45,3.47,11.0,0
red,7.5,0.22,1.8,43.0,60.0,0.99499,0.59,0.082,0.42,3.1,9.2,0
red,6.8,0.0,2.7,15.0,33.0,0.99538,0.64,0.123,0.63,3.44,11.3,1
red,6.8,0.0,2.7,15.0,33.0,0.99538,0.64,0.123,0.63,3.44,11.3,1
red,6.3,0.0,2.0,17.0,24.0,0.99437,1.02,0.083,0.55,3.59,11.2,0
red,9.8,0.38,2.5,34.0,66.0,0.99726,0.45,0.081,0.58,3.15,9.8,0
red,8.2,0.0,2.2,13.0,26.0,0.9978,0.78,0.089,0.46,3.37,9.6,0
red,8.5,0.32,1.8,26.0,51.0,0.99456,0.37,0.066,0.72,3.38,11.8,1
red,7.2,0.05,2.3,16.0,36.0,0.99564,0.57,0.081,0.6,3.38,10.3,1
red,7.2,0.05,2.3,16.0,36.0,0.99564,0.57,0.081,0.6,3.38,10.3,1
red,10.4,0.5,2.3,13.0,19.0,0.996,0.43,0.068,0.87,3.1,11.4,1
red,6.9,0.31,2.0,21.0,51.0,0.99668,0.41,0.079,0.55,3.47,9.5,1
red,5.5,0.03,1.8,28.0,87.0,0.9908,0.49,0.044,0.82,3.5,14.0,2
red,5.0,0.01,1.6,26.0,60.0,0.99084,0.38,0.048,0.75,3.7,14.0,1
red,7.3,0.2,1.6,24.0,64.0,0.9935,0.44,0.049,0.57,3.38,11.7,1
red,5.9,0.0,1.9,25.0,44.0,0.99385,0.46,0.077,0.53,3.5,11.2,0
red,7.5,0.2,2.0,34.0,44.0,0.99494,0.58,0.073,0.43,3.1,9.3,0
red,7.8,0.13,2.1,17.0,36.0,0.9944,0.58,0.102,0.53,3.24,11.2,1
red,8.0,0.22,2.3,13.0,81.0,0.99688,0.715,0.075,0.54,3.24,9.5,1
red,7.0,0.0,1.9,3.0,10.0,0.99636,0.69,0.114,0.6,3.35,9.7,1
red,8.0,0.22,2.3,13.0,81.0,0.99688,0.715,0.075,0.54,3.24,9.5,1
red,9.8,0.39,1.7,3.0,9.0,0.9948,0.3,0.062,0.57,3.14,11.5,1
red,7.1,0.2,1.9,28.0,54.0,0.9956,0.46,0.077,0.64,3.37,10.4,1
red,7.1,0.2,1.9,28.0,54.0,0.9956,0.46,0.077,0.64,3.37,10.4,1
red,7.9,0.0,2.0,9.0,22.0,0.99619,0.765,0.084,0.68,3.33,10.9,1
red,8.7,0.28,2.7,17.0,69.0,0.99734,0.63,0.096,0.63,3.26,10.2,1
red,7.0,0.19,2.3,18.0,36.0,0.99476,0.42,0.071,0.56,3.39,10.9,0
red,11.3,0.5,1.8,20.0,47.0,0.99734,0.37,0.09,0.57,3.15,10.5,0
red,7.1,0.44,2.5,17.0,31.0,0.99328,0.16,0.068,0.54,3.35,12.4,1
red,8.0,0.08,2.6,3.0,7.0,0.99286,0.6,0.056,0.37,3.22,13.0,0
red,7.6,0.0,1.9,6.0,12.0,0.99521,0.74,0.1,0.59,3.36,11.0,0
red,8.2,0.1,2.1,25.0,60.0,0.99638,0.635,0.073,0.75,3.29,10.9,1
red,5.9,0.13,2.4,14.0,28.0,0.99362,0.395,0.056,0.67,3.62,12.4,1
red,7.5,0.0,1.9,6.0,12.0,0.99672,0.755,0.084,0.49,3.34,9.7,0
red,8.2,0.1,2.1,25.0,60.0,0.99638,0.635,0.073,0.75,3.29,10.9,1
red,6.6,0.0,4.3,51.0,77.5,0.99558,0.63,0.093,0.45,3.2,9.5,0
red,6.6,0.0,4.3,51.0,77.5,0.99558,0.63,0.093,0.45,3.2,9.5,0
red,7.2,0.14,2.1,15.0,29.0,0.99323,0.53,0.064,0.61,3.35,12.1,1
red,5.7,0.0,1.4,11.0,18.0,0.99191,0.6,0.063,0.56,3.45,12.2,1
red,7.6,0.0,2.1,5.0,9.0,0.99476,1.58,0.137,0.4,3.5,10.9,0
red,5.2,0.0,2.15,15.0,28.0,0.99444,0.645,0.08,0.61,3.78,12.5,1
red,6.7,0.07,2.0,20.0,57.0,0.99598,0.86,0.1,0.74,3.6,11.7,1
red,9.1,0.32,2.1,4.0,15.0,0.99576,0.37,0.064,0.8,3.3,11.2,1
red,8.0,0.44,1.8,28.0,68.0,0.99501,0.28,0.081,0.66,3.36,11.2,0
red,7.6,0.21,2.3,21.0,68.0,0.9955,0.79,0.087,0.44,3.12,9.2,0
red,7.5,0.26,1.9,24.0,88.0,0.99612,0.61,0.073,0.53,3.3,9.8,0
red,9.7,0.32,2.5,22.0,91.0,0.9979,0.69,0.088,0.62,3.29,10.1,0
red,6.8,0.09,3.9,15.0,29.0,0.99524,0.68,0.068,0.52,3.41,11.1,0
red,9.7,0.32,2.5,22.0,91.0,0.9979,0.69,0.088,0.62,3.29,10.1,0
red,7.0,0.1,1.4,27.0,63.0,0.996,0.62,0.071,0.61,3.28,9.2,0
red,7.5,0.26,1.9,24.0,88.0,0.99612,0.61,0.073,0.53,3.3,9.8,0
red,6.5,0.15,3.0,12.0,27.0,0.9929,0.51,0.064,0.59,3.33,12.8,1
red,8.0,0.21,1.9,14.0,41.0,0.99532,1.18,0.083,0.47,3.34,10.5,0
red,7.0,0.21,2.3,20.0,65.0,0.99558,0.36,0.086,0.54,3.4,10.1,1
red,7.0,0.21,2.4,24.0,69.0,0.99556,0.36,0.086,0.53,3.4,10.1,1
red,7.5,0.27,2.0,17.0,91.0,0.99616,0.63,0.083,0.58,3.26,9.8,1
red,5.4,0.0,1.2,16.0,46.0,0.99258,0.74,0.041,0.59,4.01,12.5,1
red,9.9,0.46,2.2,10.0,41.0,0.99638,0.44,0.091,0.69,3.18,11.9,1
red,7.5,0.27,2.0,17.0,91.0,0.99616,0.63,0.083,0.58,3.26,9.8,1
red,9.7,0.34,2.6,12.0,88.0,0.99796,0.66,0.094,0.66,3.26,10.1,0
red,5.0,0.0,1.2,16.0,46.0,0.99258,0.74,0.041,0.59,4.01,12.5,1
red,9.1,0.42,1.8,9.0,18.0,0.99392,0.34,0.058,0.55,3.18,11.4,0
red,9.1,0.39,1.8,21.0,55.0,0.99495,0.36,0.06,0.82,3.18,11.0,1
red,6.7,0.24,1.7,18.0,34.0,0.9948,0.46,0.077,0.6,3.39,10.6,1
red,6.7,0.24,1.7,18.0,34.0,0.9948,0.46,0.077,0.6,3.39,10.6,1
red,6.7,0.24,1.7,18.0,34.0,0.9948,0.46,0.077,0.6,3.39,10.6,1
red,6.7,0.24,1.7,18.0,34.0,0.9948,0.46,0.077,0.6,3.39,10.6,1
red,6.5,0.11,1.8,13.0,38.0,0.9955,0.52,0.073,0.52,3.34,9.3,0
red,7.4,0.26,2.1,17.0,91.0,0.99616,0.6,0.083,0.56,3.29,9.8,1
red,7.4,0.26,2.1,17.0,91.0,0.99616,0.6,0.083,0.56,3.29,9.8,1
red,7.8,0.26,3.8,31.0,67.0,0.99668,0.87,0.107,0.46,3.26,9.2,0
red,8.4,0.1,1.7,6.0,25.0,0.99581,0.39,0.075,0.43,3.09,9.7,1
red,9.1,0.22,2.2,12.0,48.0,0.9976,0.775,0.079,0.51,3.18,9.6,0
red,6.6,0.02,2.4,19.0,40.0,0.99387,0.58,0.069,0.66,3.38,12.6,1
red,6.0,0.0,1.4,15.0,26.0,0.99448,0.5,0.057,0.45,3.36,9.5,0
red,6.0,0.0,1.4,15.0,26.0,0.99448,0.5,0.057,0.45,3.36,9.5,0
red,6.0,0.0,1.4,15.0,26.0,0.99448,0.5,0.057,0.45,3.36,9.5,0
red,7.5,0.02,1.7,13.0,31.0,0.99538,0.51,0.084,0.54,3.36,10.5,1
red,7.5,0.02,1.7,13.0,31.0,0.99538,0.51,0.084,0.54,3.36,10.5,1
red,7.5,0.02,1.7,13.0,31.0,0.99538,0.51,0.084,0.54,3.36,10.5,1
red,7.6,0.02,1.7,17.0,31.0,0.99589,0.54,0.085,0.51,3.37,10.4,1
red,7.5,0.02,1.7,13.0,31.0,0.99538,0.51,0.084,0.54,3.36,10.5,1
red,11.5,0.48,2.6,8.0,20.0,0.99852,0.42,0.077,0.53,3.09,11.0,0
red,8.2,0.24,2.3,10.0,28.0,0.99613,0.44,0.063,0.53,3.25,10.2,1
red,6.1,0.01,2.1,5.0,13.0,0.99472,0.59,0.056,0.56,3.52,11.4,0
red,7.2,0.03,1.8,7.0,12.0,0.99587,0.655,0.078,0.39,3.34,9.5,0
red,7.2,0.03,1.8,7.0,12.0,0.99587,0.655,0.078,0.39,3.34,9.5,0
red,6.9,0.0,2.8,21.0,41.0,0.99518,0.57,0.081,0.52,3.41,10.8,0
red,9.0,0.29,2.0,32.0,73.0,0.99654,0.6,0.069,0.57,3.34,10.0,0
red,7.2,0.01,2.3,8.0,46.0,0.99332,0.62,0.065,0.51,3.32,11.8,1
red,7.6,0.03,1.9,14.0,57.0,0.9969,0.645,0.086,0.46,3.37,10.3,0
red,7.6,0.03,1.9,14.0,57.0,0.9969,0.645,0.086,0.46,3.37,10.3,0
red,7.2,0.03,2.3,7.0,28.0,0.99568,0.58,0.077,0.52,3.35,10.0,0
red,6.1,0.25,1.8,5.0,32.0,0.99464,0.32,0.086,0.44,3.36,10.1,0
red,6.1,0.25,1.8,4.0,28.0,0.99464,0.34,0.084,0.44,3.36,10.1,0
red,7.3,0.24,2.5,27.0,67.0,0.99648,0.43,0.078,0.59,3.6,11.1,1
red,11.6,0.4,1.4,6.0,28.0,0.99704,0.475,0.091,0.65,3.07,10.03333333,1
red,9.2,0.31,2.3,11.0,38.0,0.99699,0.54,0.112,0.56,3.24,10.9,0
red,8.3,0.14,2.5,13.0,54.0,0.99724,0.85,0.093,0.54,3.36,10.1,0
red,11.6,0.4,1.4,6.0,28.0,0.99704,0.475,0.091,0.65,3.07,10.03333333,1
red,8.0,0.27,2.0,11.0,63.0,0.99652,0.83,0.08,0.48,3.29,9.8,0
red,7.2,0.02,1.9,10.0,31.0,0.995,0.605,0.096,0.53,3.46,11.8,1
red,7.8,0.09,2.2,10.0,42.0,0.9971,0.5,0.115,0.62,3.18,9.5,0
red,7.3,0.08,1.7,10.0,45.0,0.99576,0.74,0.094,0.5,3.24,9.8,0
red,8.0,0.32,2.1,16.0,74.0,0.99656,0.77,0.079,0.5,3.27,9.8,1
red,6.6,0.0,1.6,4.0,8.0,0.99396,0.61,0.069,0.37,3.33,10.4,0
red,7.7,0.27,3.8,34.0,89.0,0.99664,0.75,0.11,0.45,3.24,9.3,0
red,7.2,0.26,2.0,13.0,100.0,0.99586,0.56,0.083,0.52,3.26,9.9,0
red,8.2,0.2,1.4,7.0,31.0,0.9946,0.885,0.086,0.46,3.11,10.0,0
red,5.2,0.26,2.3,23.0,74.0,0.9953,0.49,0.09,0.62,3.71,12.2,1
red,7.2,0.15,2.0,10.0,28.0,0.99609,0.45,0.078,0.51,3.29,9.9,1
red,7.5,0.02,2.6,11.0,35.0,0.99557,0.57,0.077,0.62,3.36,10.8,1
red,7.5,0.02,2.6,11.0,35.0,0.99557,0.57,0.077,0.62,3.36,10.8,1
red,6.8,0.09,1.8,4.0,25.0,0.99534,0.83,0.074,0.45,3.38,9.6,0
red,8.0,0.22,2.1,25.0,105.0,0.99613,0.6,0.08,0.49,3.3,9.9,0
red,8.0,0.22,2.1,25.0,105.0,0.99613,0.6,0.08,0.49,3.3,9.9,0
red,7.1,0.15,1.8,20.0,84.0,0.99593,0.755,0.107,0.5,3.19,9.5,0
red,8.0,0.25,3.4,34.0,85.0,0.99668,0.81,0.076,0.42,3.19,9.2,0
red,7.4,0.07,1.8,8.0,23.0,0.9961,0.64,0.1,0.58,3.3,9.6,0
red,7.4,0.07,1.8,8.0,23.0,0.9961,0.64,0.1,0.58,3.3,9.6,0
red,6.7,0.02,2.2,36.0,111.0,0.99524,0.48,0.08,0.53,3.1,9.7,0
red,6.0,0.0,2.3,15.0,33.0,0.99292,0.49,0.068,0.59,3.58,12.5,1
red,8.0,0.22,2.4,5.0,33.0,0.99612,0.64,0.094,0.58,3.37,11.0,0
red,7.1,0.06,1.3,5.0,12.0,0.9942,0.62,0.07,0.48,3.17,9.8,0
red,8.0,0.25,2.0,19.0,59.0,0.99612,0.52,0.078,0.48,3.3,10.2,0
red,6.4,0.14,3.9,27.0,73.0,0.99669,0.57,0.07,0.48,3.32,9.2,0
red,8.6,0.1,1.6,3.0,12.0,0.99745,0.685,0.092,0.65,3.31,9.55,1
red,8.7,0.1,1.6,4.0,11.0,0.99745,0.675,0.09,0.65,3.31,9.55,0
red,7.3,0.26,2.0,17.0,104.0,0.99584,0.59,0.08,0.52,3.28,9.9,0
red,7.0,0.12,2.2,13.0,28.0,0.9966,0.6,0.083,0.62,3.52,10.2,1
red,7.2,0.0,2.2,10.0,24.0,0.9956,0.67,0.068,0.72,3.42,11.1,1
red,7.9,0.21,2.1,33.0,141.0,0.9962,0.69,0.08,0.51,3.25,9.9,0
red,7.9,0.21,2.1,33.0,141.0,0.9962,0.69,0.08,0.51,3.25,9.9,0
red,7.6,0.42,2.0,6.0,24.0,0.9963,0.3,0.052,0.82,3.44,11.9,1
red,7.2,0.33,1.7,3.0,13.0,0.996,0.33,0.061,1.1,3.23,10.0,2
red,8.0,0.39,2.6,12.0,46.0,0.9985,0.5,0.082,0.62,3.43,10.7,1
red,7.7,0.3,2.0,18.0,34.0,0.9952,0.28,0.062,0.9,3.28,11.3,1
red,6.0,0.0,2.1,40.0,54.0,0.995,0.51,0.064,0.93,3.54,10.7,1
red,8.1,0.36,2.2,35.0,53.0,0.995,0.29,0.048,1.01,3.27,12.4,1
red,6.0,0.0,2.1,40.0,54.0,0.995,0.51,0.064,0.93,3.54,10.7,1
red,6.6,0.0,1.8,5.0,16.0,0.9936,0.96,0.082,0.44,3.5,11.9,1
red,6.4,0.4,2.4,8.0,19.0,0.9963,0.47,0.071,0.73,3.56,10.6,1
red,9.9,0.25,2.0,12.0,89.0,0.9963,0.57,0.104,0.9,3.04,10.1,0
red,10.0,0.59,2.2,3.0,15.0,0.9994,0.32,0.077,0.78,3.2,9.6,0
red,6.2,0.0,1.6,8.0,18.0,0.9966,0.58,0.065,0.84,3.56,9.4,0
red,10.0,0.59,2.2,3.0,15.0,0.9994,0.32,0.077,0.78,3.2,9.6,0
red,7.3,0.33,2.5,21.0,37.0,0.9952,0.34,0.064,0.77,3.35,12.1,1
red,7.8,0.01,1.6,3.0,19.0,0.995,0.53,0.077,0.46,3.16,9.8,0
red,7.7,0.21,2.2,32.0,133.0,0.9956,0.64,0.077,0.45,3.27,9.9,0
red,7.8,0.01,1.6,3.0,19.0,0.995,0.53,0.077,0.46,3.16,9.8,0
red,7.5,0.18,1.6,24.0,58.0,0.9965,0.4,0.079,0.58,3.34,9.4,0
red,8.3,0.37,1.4,8.0,23.0,0.9974,0.26,0.076,0.7,3.26,9.6,1
red,8.3,0.37,1.4,8.0,23.0,0.9974,0.26,0.076,0.7,3.26,9.6,1
red,7.7,0.37,1.8,23.0,60.0,0.9971,0.23,0.046,0.71,3.41,12.1,1
red,7.6,0.33,2.5,6.0,23.0,0.9957,0.41,0.078,0.58,3.3,11.2,0
red,7.8,0.0,1.9,27.0,55.0,0.9962,0.64,0.072,0.63,3.31,11.0,0
red,7.9,0.4,2.2,38.0,67.0,0.996,0.18,0.049,0.93,3.33,11.3,0
red,7.4,0.24,1.8,18.0,47.0,0.9956,0.41,0.066,0.62,3.37,10.4,0
red,7.6,0.31,2.1,13.0,74.0,0.9958,0.43,0.069,0.54,3.26,9.9,1
red,5.9,0.0,1.6,3.0,11.0,0.9944,0.44,0.042,0.85,3.48,11.7,1
red,6.1,0.16,1.8,11.0,25.0,0.9955,0.4,0.069,0.74,3.42,10.1,1
red,7.0,0.0,1.7,3.0,8.0,0.996,0.59,0.052,0.47,3.41,10.3,0
red,7.3,0.02,2.2,31.0,92.0,0.99566,0.67,0.072,0.68,3.32,11.06666667,1
red,7.2,0.32,2.0,15.0,28.0,0.9947,0.37,0.062,0.73,3.23,11.3,1
red,6.9,0.02,1.9,18.0,30.0,0.99712,0.63,0.078,0.75,3.4,9.8,0
red,6.9,0.2,1.75,8.0,22.0,0.99322,0.58,0.058,0.49,3.38,11.7,0
red,7.3,0.02,2.2,31.0,92.0,0.99566,0.67,0.072,0.68,3.32,11.1,1
red,6.9,0.02,1.9,18.0,30.0,0.99712,0.63,0.078,0.75,3.4,9.8,0
red,6.8,0.0,1.9,22.0,39.0,0.99701,0.67,0.08,0.74,3.4,9.7,0
red,6.9,0.01,1.9,40.0,54.0,0.99683,0.58,0.08,0.73,3.4,9.7,0
red,7.2,0.31,2.0,15.0,29.0,0.99472,0.38,0.056,0.76,3.23,11.3,2
red,7.2,0.32,2.0,15.0,28.0,0.9947,0.37,0.062,0.73,3.23,11.3,1
red,7.8,0.44,2.7,8.0,17.0,0.99732,0.32,0.104,0.78,3.33,11.0,1
red,6.6,0.02,2.0,37.0,53.0,0.99374,0.58,0.062,0.76,3.35,11.6,1
red,7.6,0.33,1.9,27.0,85.0,0.99706,0.49,0.074,0.58,3.41,9.0,0
red,11.7,0.63,2.2,7.0,23.0,0.99974,0.45,0.073,0.69,3.21,10.9,1
red,6.5,0.0,1.6,9.0,17.0,0.99467,0.9,0.052,0.63,3.5,10.9,1
red,6.0,0.06,1.8,38.0,89.0,0.99236,0.54,0.05,0.5,3.3,10.55,1
red,7.6,0.33,1.9,27.0,85.0,0.99706,0.49,0.074,0.58,3.41,9.0,0
red,8.4,0.4,1.7,8.0,20.0,0.99603,0.29,0.067,0.6,3.39,10.5,0
red,7.9,0.35,1.7,7.0,15.0,0.99458,0.2,0.054,0.8,3.32,11.9,1
red,6.4,0.09,2.3,34.0,64.0,0.99724,0.42,0.054,0.68,3.41,10.4,1
red,6.2,0.0,2.1,6.0,13.0,0.99664,0.785,0.06,0.61,3.59,10.0,0
red,6.8,0.03,2.3,14.0,31.0,0.99545,0.64,0.075,0.58,3.36,10.4,1
red,6.9,0.01,2.4,14.0,39.0,0.99522,0.63,0.076,0.53,3.34,10.8,1
red,6.8,0.1,1.7,34.0,53.0,0.9958,0.59,0.063,0.67,3.41,9.7,0
red,6.8,0.1,1.7,34.0,53.0,0.9958,0.59,0.063,0.67,3.41,9.7,0
red,7.3,0.32,2.1,31.0,54.0,0.99728,0.48,0.062,0.65,3.3,10.0,1
red,6.7,0.08,2.3,19.0,32.0,0.99648,1.04,0.067,0.57,3.52,11.0,0
red,7.3,0.32,2.1,31.0,54.0,0.99728,0.48,0.062,0.65,3.3,10.0,1
red,7.3,0.05,2.1,20.0,49.0,0.99705,0.98,0.061,0.55,3.31,9.7,0
red,10.0,0.11,1.4,8.0,24.0,0.99578,0.69,0.084,0.47,2.88,9.7,0
red,6.7,0.08,3.75,8.0,16.0,0.99334,0.7,0.067,0.52,3.43,12.6,0
red,7.6,0.6,2.6,23.0,44.0,0.99656,0.35,0.073,0.79,3.38,11.1,1
red,6.1,0.08,1.8,14.0,45.0,0.99336,0.6,0.071,0.54,3.38,11.0,0
red,5.3,0.11,2.2,16.0,89.0,0.99182,0.47,0.048,0.88,3.54,13.56666667,1
red,5.3,0.11,2.2,16.0,89.0,0.99182,0.47,0.048,0.88,3.54,13.6,1
red,8.2,0.6,3.0,10.0,22.0,0.99828,0.28,0.104,0.68,3.39,10.6,0
red,5.6,0.03,1.5,6.0,13.0,0.99498,0.62,0.08,0.62,3.66,10.1,0
red,8.2,0.6,3.0,10.0,22.0,0.99828,0.28,0.104,0.68,3.39,10.6,0
red,7.2,0.54,2.1,3.0,9.0,0.99719,0.58,0.114,0.57,3.33,10.3,0
red,8.1,0.44,1.5,6.0,12.0,0.99542,0.33,0.042,0.61,3.35,10.7,0
red,6.8,0.06,2.0,4.0,11.0,0.99592,0.91,0.06,0.64,3.53,10.9,0
red,7.0,0.16,2.1,8.0,25.0,0.99606,0.655,0.074,0.55,3.37,9.7,0
red,6.8,0.21,2.1,9.0,23.0,0.99546,0.68,0.07,0.6,3.38,10.3,0
red,6.0,0.05,1.9,9.0,17.0,0.99496,0.64,0.066,0.78,3.52,10.6,0
red,5.6,0.04,1.7,5.0,13.0,0.9942,0.54,0.049,0.58,3.72,11.4,0
red,6.2,0.1,2.1,4.0,11.0,0.99448,0.57,0.048,0.76,3.44,10.8,1
red,7.1,0.49,1.8,8.0,18.0,0.99344,0.22,0.039,0.56,3.39,12.4,1
red,5.6,0.04,1.7,5.0,13.0,0.9942,0.54,0.049,0.58,3.72,11.4,0
red,6.2,0.06,1.6,6.0,18.0,0.99348,0.65,0.05,0.54,3.57,11.95,0
red,7.7,0.26,1.9,23.0,147.0,0.99636,0.54,0.089,0.59,3.26,9.7,0
red,6.4,0.09,1.4,15.0,28.0,0.99459,0.31,0.066,0.7,3.42,10.0,1
red,7.0,0.02,1.9,15.0,28.0,0.99492,0.43,0.08,0.81,3.35,10.6,1
red,7.7,0.26,1.9,23.0,147.0,0.99636,0.54,0.089,0.59,3.26,9.7,0
red,6.9,0.03,2.3,7.0,16.0,0.99508,0.74,0.054,0.63,3.45,11.5,1
red,6.6,0.04,2.3,7.0,13.0,0.99582,0.895,0.068,0.58,3.53,10.8,1
red,6.9,0.03,2.3,7.0,16.0,0.99508,0.74,0.054,0.63,3.45,11.5,1
red,7.5,0.04,1.5,8.0,15.0,0.99508,0.725,0.076,0.53,3.26,9.6,0
red,7.8,0.29,4.3,21.0,64.0,0.99642,0.82,0.083,0.53,3.16,9.4,0
red,7.3,0.18,2.4,15.0,60.0,0.99638,0.585,0.078,0.54,3.31,9.8,0
red,6.2,0.39,2.5,6.0,14.0,0.99555,0.44,0.077,0.69,3.51,11.0,1
red,7.5,0.57,2.3,5.0,12.0,0.99605,0.38,0.106,0.55,3.36,11.4,1
red,6.7,0.02,1.8,6.0,12.0,0.996,0.76,0.078,0.63,3.55,9.95,0
red,6.8,0.05,2.0,6.0,14.0,0.99562,0.81,0.07,0.66,3.51,10.8,1
red,7.5,0.57,2.3,5.0,12.0,0.99605,0.38,0.106,0.55,3.36,11.4,1
red,7.1,0.6,2.1,17.0,25.0,0.99814,0.27,0.074,0.72,3.38,10.6,1
red,7.9,0.4,1.8,7.0,20.0,0.9941,0.18,0.062,0.7,3.28,11.1,0
red,6.4,0.21,2.2,26.0,48.0,0.99661,0.36,0.047,0.77,3.47,9.7,1
red,7.1,0.04,2.1,19.0,27.0,0.99712,0.69,0.068,0.67,3.44,9.8,0
red,6.4,0.04,2.2,11.0,17.0,0.99588,0.79,0.061,0.65,3.53,10.4,1
red,6.4,0.15,1.8,17.0,65.0,0.99294,0.56,0.078,0.6,3.33,10.5,1
red,6.9,0.21,4.1,16.0,65.0,0.99842,0.84,0.074,0.72,3.53,9.233333333,1
red,6.9,0.21,4.1,16.0,65.0,0.99842,0.84,0.074,0.72,3.53,9.25,1
red,6.1,0.25,2.3,23.0,58.0,0.99633,0.32,0.071,0.97,3.42,10.6,0
red,6.5,0.06,2.0,29.0,44.0,0.99489,0.53,0.063,0.83,3.38,10.3,1
red,7.4,0.46,2.2,7.0,20.0,0.99647,0.47,0.114,0.63,3.32,10.5,0
red,6.6,0.08,2.6,14.0,27.0,0.99665,0.7,0.106,0.58,3.44,10.2,0
red,6.5,0.06,2.0,29.0,44.0,0.99489,0.53,0.063,0.83,3.38,10.3,1
red,6.9,0.2,1.9,9.0,23.0,0.99585,0.48,0.082,0.43,3.39,9.05,0
red,6.1,0.25,2.3,23.0,58.0,0.99633,0.32,0.071,0.97,3.42,10.6,0
red,6.8,0.25,2.0,29.0,61.0,0.9953,0.48,0.076,0.6,3.34,10.4,0
red,6.0,0.19,2.0,22.0,47.0,0.99522,0.42,0.075,0.78,3.39,10.0,1
red,6.7,0.08,2.1,18.0,34.0,0.99552,0.48,0.064,0.64,3.33,9.7,0
red,6.8,0.08,2.2,18.0,38.0,0.99553,0.47,0.064,0.65,3.3,9.6,1
red,7.1,0.07,1.7,15.0,24.0,0.9951,0.53,0.071,0.66,3.29,10.8,1
red,7.9,0.49,2.2,21.0,59.0,0.99714,0.29,0.096,0.67,3.31,10.1,1
red,7.1,0.08,2.1,42.0,52.0,0.99608,0.69,0.063,0.6,3.42,10.2,1
red,7.2,0.13,2.0,18.0,22.0,0.99573,0.53,0.058,0.68,3.21,9.9,1
red,8.0,0.3,1.9,32.0,84.0,0.99717,0.39,0.074,0.61,3.39,9.0,0
red,6.6,0.14,2.4,13.0,29.0,0.99397,0.56,0.064,0.62,3.42,11.7,1
red,7.0,0.13,2.2,15.0,35.0,0.9959,0.55,0.075,0.59,3.36,9.7,1
red,6.1,0.08,1.9,24.0,45.0,0.99528,0.53,0.077,0.68,3.6,10.3,1
red,5.4,0.08,1.9,20.0,31.0,0.99484,0.58,0.059,0.64,3.5,10.2,1
red,6.2,0.09,2.5,15.0,26.0,0.99538,0.64,0.081,0.63,3.57,12.0,0
red,7.2,0.32,1.8,34.0,60.0,0.99714,0.39,0.065,0.78,3.46,9.9,0
red,7.4,0.29,2.2,19.0,49.0,0.99666,0.25,0.054,0.76,3.4,10.9,1
red,6.7,0.02,1.9,29.0,38.0,0.99472,0.855,0.064,0.56,3.3,10.75,1
red,11.1,0.42,2.2,14.0,19.0,0.99758,0.44,0.064,0.57,3.25,10.4,1
red,8.4,0.43,2.3,12.0,19.0,0.9955,0.37,0.063,0.81,3.17,11.2,1
red,6.5,0.33,1.8,16.0,28.0,0.99531,0.63,0.059,0.64,3.36,10.1,1
red,7.0,0.02,2.0,17.0,26.0,0.99575,0.57,0.072,0.61,3.36,10.2,0
red,6.3,0.1,1.6,12.0,26.0,0.99306,0.6,0.048,0.51,3.55,12.1,0
red,11.2,0.5,2.0,19.0,50.0,0.99783,0.4,0.099,0.58,3.1,10.4,0
red,7.4,0.3,1.8,17.0,24.0,0.99419,0.36,0.074,0.7,3.24,11.4,2
red,7.1,0.0,2.3,17.0,26.0,0.99783,0.68,0.087,0.53,3.45,9.5,0
red,7.1,0.0,2.3,18.0,27.0,0.99768,0.67,0.083,0.54,3.44,9.4,0
red,6.3,0.01,3.7,32.0,54.0,0.99586,0.68,0.103,0.66,3.51,11.3,1
red,7.3,0.0,2.2,18.0,28.0,0.99765,0.735,0.08,0.6,3.41,9.4,0
red,6.6,0.02,2.4,15.0,23.0,0.99627,0.855,0.062,0.6,3.54,11.0,1
red,7.0,0.17,1.7,15.0,24.0,0.99514,0.56,0.065,0.68,3.44,10.55,1
red,6.6,0.04,2.2,12.0,20.0,0.99636,0.88,0.066,0.56,3.53,9.9,0
red,6.6,0.02,2.4,15.0,23.0,0.99627,0.855,0.062,0.6,3.54,11.0,1
red,7.8,0.26,2.0,31.0,131.0,0.99622,0.6,0.08,0.52,3.21,9.9,0
red,7.8,0.26,2.0,31.0,131.0,0.99622,0.6,0.08,0.52,3.21,9.9,0
red,7.8,0.26,2.0,31.0,131.0,0.99622,0.6,0.08,0.52,3.21,9.9,0
red,7.2,0.13,2.0,12.0,20.0,0.99546,0.695,0.076,0.54,3.29,10.1,0
red,7.2,0.13,2.0,12.0,20.0,0.99546,0.695,0.076,0.54,3.29,10.1,0
red,7.2,0.13,2.0,12.0,20.0,0.99546,0.695,0.076,0.54,3.29,10.1,0
red,6.7,0.02,1.9,26.0,42.0,0.99489,0.67,0.061,0.82,3.39,10.9,1
red,6.7,0.64,2.1,24.0,52.0,0.99494,0.16,0.059,0.71,3.34,11.2,1
red,7.2,0.13,2.0,12.0,20.0,0.99546,0.695,0.076,0.54,3.29,10.1,0
red,7.0,0.13,1.6,25.0,42.0,0.99629,0.56,0.077,0.59,3.34,9.2,0
red,6.2,0.14,1.9,15.0,34.0,0.99396,0.51,0.056,0.57,3.48,11.5,1
red,6.4,0.14,2.2,15.0,25.0,0.99514,0.38,0.038,0.65,3.44,11.1,1
red,7.3,0.32,2.2,35.0,104.0,0.99632,0.69,0.069,0.51,3.33,9.5,0
red,6.0,0.2,2.4,15.0,50.0,0.99467,0.58,0.075,0.67,3.58,12.5,1
red,7.5,0.4,2.2,12.0,20.0,0.99474,0.52,0.06,0.64,3.26,11.8,1
red,8.0,0.63,1.6,16.0,29.0,0.99588,0.3,0.081,0.78,3.3,10.8,1
red,6.8,0.15,1.8,13.0,20.0,0.9954,0.67,0.118,0.67,3.42,11.3,1
red,6.2,0.09,1.7,24.0,32.0,0.99402,0.56,0.053,0.6,3.54,11.3,0
red,7.4,0.33,2.4,9.0,26.0,0.9947,0.35,0.068,0.6,3.36,11.9,1
red,6.2,0.09,1.7,24.0,32.0,0.99402,0.56,0.053,0.6,3.54,11.3,0
red,6.1,0.1,2.6,13.0,27.0,0.99362,0.715,0.053,0.5,3.57,11.9,0
red,6.2,0.29,2.1,32.0,98.0,0.99578,0.46,0.074,0.62,3.33,9.8,0
red,6.7,0.44,2.4,24.0,34.0,0.99484,0.32,0.061,0.8,3.29,11.6,1
red,7.2,0.44,2.6,22.0,48.0,0.99494,0.39,0.066,0.84,3.3,11.5,1
red,7.5,0.41,2.4,34.0,60.0,0.99492,0.31,0.065,0.85,3.34,11.4,1
red,5.8,0.11,1.8,18.0,28.0,0.99483,0.61,0.066,0.66,3.55,10.9,1
red,6.3,0.15,1.8,26.0,35.0,0.99314,0.55,0.077,0.82,3.32,11.6,1
red,5.4,0.09,1.7,16.0,26.0,0.99402,0.74,0.089,0.56,3.67,11.6,1
red,6.3,0.13,2.3,29.0,40.0,0.99574,0.51,0.076,0.75,3.42,11.0,1
red,6.8,0.08,1.9,28.0,38.0,0.99651,0.62,0.068,0.82,3.42,9.5,1
red,6.2,0.08,2.0,32.0,44.0,0.9949,0.6,0.09,0.58,3.45,10.5,0
red,6.3,0.13,2.3,29.0,40.0,0.99574,0.51,0.076,0.75,3.42,11.0,1
red,5.9,0.12,2.0,32.0,44.0,0.99547,0.645,0.075,0.71,3.57,10.2,0
red,6.0,0.47,3.6,18.0,42.0,0.99549,0.31,0.067,0.66,3.39,11.0,1
